landmark_name,image_url
산 마르코 광장,landmark/산 마르코 광장/0
밀라노 중앙역,landmark/밀라노 중앙역/0
밀라노 중앙역,landmark/밀라노 중앙역/1
산타 마리아 델 포폴로 성당,landmark/산타 마리아 델 포폴로 성당/0
산타 마리아 델 포폴로 성당,landmark/산타 마리아 델 포폴로 성당/1
산타 마리아 델 포폴로 성당,landmark/산타 마리아 델 포폴로 성당/2
칼차이우올리 거리,landmark/칼차이우올리 거리/0
칼차이우올리 거리,landmark/칼차이우올리 거리/1
산타 마르게리따 광장,landmark/산타 마르게리따 광장/0
산타 마르게리따 광장,landmark/산타 마르게리따 광장/1
산타루치아 항구,landmark/산타루치아 항구/0
두오모,landmark/두오모/0
두오모,landmark/두오모/1
두오모,landmark/두오모/2
페기 구겐하임 미술관,landmark/페기 구겐하임 미술관/0
페기 구겐하임 미술관,landmark/페기 구겐하임 미술관/1
페기 구겐하임 미술관,landmark/페기 구겐하임 미술관/2
산 프란체스코 성당,landmark/산 프란체스코 성당/0
해골사원,landmark/해골사원/0
해골사원,landmark/해골사원/1
퀴리날레 궁전,landmark/퀴리날레 궁전/0
Anggrek XXI,landmark/Anggrek XXI/0
Anggrek XXI,landmark/Anggrek XXI/1
Anggrek XXI,landmark/Anggrek XXI/2
Mal Artha Gading,landmark/Mal Artha Gading/0
Mal Artha Gading,landmark/Mal Artha Gading/1
Mal Artha Gading,landmark/Mal Artha Gading/2
Atlantis Water Adventure,landmark/Atlantis Water Adventure/0
Atlantis Water Adventure,landmark/Atlantis Water Adventure/1
Atlantis Water Adventure,landmark/Atlantis Water Adventure/2
Pluit Junction XXI,landmark/Pluit Junction XXI/0
Pluit Junction XXI,landmark/Pluit Junction XXI/1
Pluit Junction XXI,landmark/Pluit Junction XXI/2
Baywalk Mall,landmark/Baywalk Mall/0
Baywalk Mall,landmark/Baywalk Mall/1
Baywalk Mall,landmark/Baywalk Mall/2
Pejaten Village,landmark/Pejaten Village/0
Pejaten Village,landmark/Pejaten Village/1
Pejaten Village,landmark/Pejaten Village/2
Citra XXI,landmark/Citra XXI/0
Citra XXI,landmark/Citra XXI/1
Pluit Village XXI,landmark/Pluit Village XXI/0
Pluit Village XXI,landmark/Pluit Village XXI/1
Pluit Village XXI,landmark/Pluit Village XXI/2
Kalibata XXI,landmark/Kalibata XXI/0
Kalibata XXI,landmark/Kalibata XXI/1
Kalibata XXI,landmark/Kalibata XXI/2
Sunter Mall,landmark/Sunter Mall/0
Sunter Mall,landmark/Sunter Mall/1
Sunter Mall,landmark/Sunter Mall/2
BLOWFISH Kitchen & Bar,landmark/BLOWFISH Kitchen & Bar/0
BLOWFISH Kitchen & Bar,landmark/BLOWFISH Kitchen & Bar/1
BLOWFISH Kitchen & Bar,landmark/BLOWFISH Kitchen & Bar/2
Phap Lam Pagoda,landmark/Phap Lam Pagoda/0
Odev,landmark/Odev/0
Odev,landmark/Odev/1
Bãi Biển An Bàng (An Bang Beach),landmark/Bãi Biển An Bàng (An Bang Beach)/0
Bãi Biển An Bàng (An Bang Beach),landmark/Bãi Biển An Bàng (An Bang Beach)/1
Bãi Biển An Bàng (An Bang Beach),landmark/Bãi Biển An Bàng (An Bang Beach)/2
Louisiane Brewhouse,landmark/Louisiane Brewhouse/0
Louisiane Brewhouse,landmark/Louisiane Brewhouse/1
Louisiane Brewhouse,landmark/Louisiane Brewhouse/2
더 무스 & 루 레스토랑,landmark/더 무스 & 루 레스토랑/0
더 무스 & 루 레스토랑,landmark/더 무스 & 루 레스토랑/1
Lăng Tự Đức,landmark/Lăng Tự Đức/0
Lăng Tự Đức,landmark/Lăng Tự Đức/1
Điện Thái Hòa (Palace of Supreme Harmony),landmark/Điện Thái Hòa (Palace of Supreme Harmony)/0
Điện Thái Hòa (Palace of Supreme Harmony),landmark/Điện Thái Hòa (Palace of Supreme Harmony)/1
Điện Thái Hòa (Palace of Supreme Harmony),landmark/Điện Thái Hòa (Palace of Supreme Harmony)/2
Thanh Ha Pottery Village,landmark/Thanh Ha Pottery Village/0
Thanh Ha Pottery Village,landmark/Thanh Ha Pottery Village/1
Vinpearl Cable Car,landmark/Vinpearl Cable Car/0
Vinpearl Cable Car,landmark/Vinpearl Cable Car/1
Vinpearl Cable Car,landmark/Vinpearl Cable Car/2
더 울프하운드 아이리쉬 펍,landmark/더 울프하운드 아이리쉬 펍/0
누 이터리,landmark/누 이터리/0
누 이터리,landmark/누 이터리/1
누 이터리,landmark/누 이터리/2
Hulhumale' BBQ Beach,landmark/Hulhumale' BBQ Beach/0
Hulhumale' BBQ Beach,landmark/Hulhumale' BBQ Beach/1
Hulhumale' BBQ Beach,landmark/Hulhumale' BBQ Beach/2
Maa Kandu,landmark/Maa Kandu/0
Maa Kandu,landmark/Maa Kandu/1
Maa Kandu,landmark/Maa Kandu/2
Hulhumale' Main Road,landmark/Hulhumale' Main Road/0
Hulhumale' Main Road,landmark/Hulhumale' Main Road/1
Hulhumale' Main Road,landmark/Hulhumale' Main Road/2
Alimas Ufaa Carnival Stage Area,landmark/Alimas Ufaa Carnival Stage Area/0
Alimas Ufaa Carnival Stage Area,landmark/Alimas Ufaa Carnival Stage Area/1
Alimas Ufaa Carnival Stage Area,landmark/Alimas Ufaa Carnival Stage Area/2
Maafannu Buru,landmark/Maafannu Buru/0
Maafannu Buru,landmark/Maafannu Buru/1
Maafannu Buru,landmark/Maafannu Buru/2
Swimming Pool @ Sheraton Maldives,landmark/Swimming Pool @ Sheraton Maldives/0
Swimming Pool @ Sheraton Maldives,landmark/Swimming Pool @ Sheraton Maldives/1
Swimming Pool @ Sheraton Maldives,landmark/Swimming Pool @ Sheraton Maldives/2
Maafushi Jetty,landmark/Maafushi Jetty/0
Maafushi Jetty,landmark/Maafushi Jetty/1
Dhiffushi Bandharu,landmark/Dhiffushi Bandharu/0
Dhiffushi Bandharu,landmark/Dhiffushi Bandharu/1
Dhiffushi Bandharu,landmark/Dhiffushi Bandharu/2
Sunset Park,landmark/Sunset Park/0
Sunset Park,landmark/Sunset Park/1
Sunset Park,landmark/Sunset Park/2
Banana Reef,landmark/Banana Reef/0
Banana Reef,landmark/Banana Reef/1
Banana Reef,landmark/Banana Reef/2
Recreation Beach,landmark/Recreation Beach/0
Recreation Beach,landmark/Recreation Beach/1
Recreation Beach,landmark/Recreation Beach/2
푸르비에르 노틀담 성당,landmark/푸르비에르 노틀담 성당/0
푸르비에르 노틀담 성당,landmark/푸르비에르 노틀담 성당/1
푸르비에르 노틀담 성당,landmark/푸르비에르 노틀담 성당/2
죄 드 폼 국립미술관,landmark/죄 드 폼 국립미술관/0
죄 드 폼 국립미술관,landmark/죄 드 폼 국립미술관/1
바르비종,landmark/바르비종/0
바르비종,landmark/바르비종/1
파리 동역,landmark/파리 동역/0
파리 동역,landmark/파리 동역/1
자드킨 미술관,landmark/자드킨 미술관/0
자드킨 미술관,landmark/자드킨 미술관/1
루소의 아틀리에,landmark/루소의 아틀리에/0
루소의 아틀리에,landmark/루소의 아틀리에/1
오데옹 극장,landmark/오데옹 극장/0
오데옹 극장,landmark/오데옹 극장/1
테로 광장,landmark/테로 광장/0
테로 광장,landmark/테로 광장/1
코메디 프랑세즈,landmark/코메디 프랑세즈/0
코메디 프랑세즈,landmark/코메디 프랑세즈/1
코메디 프랑세즈,landmark/코메디 프랑세즈/2
Galerie des Glaces,landmark/Galerie des Glaces/0
Galerie des Glaces,landmark/Galerie des Glaces/1
Galerie des Glaces,landmark/Galerie des Glaces/2
Place de la Cathédrale,landmark/Place de la Cathédrale/0
Place de la Cathédrale,landmark/Place de la Cathédrale/1
Place de la Cathédrale,landmark/Place de la Cathédrale/2
제타 바,landmark/제타 바/0
제타 바,landmark/제타 바/1
쑨얏센 박물관,landmark/쑨얏센 박물관/0
쑨얏센 박물관,landmark/쑨얏센 박물관/1
쑨얏센 박물관,landmark/쑨얏센 박물관/2
메실라우 리조트,landmark/메실라우 리조트/0
위스키 바,landmark/위스키 바/0
위스키 바,landmark/위스키 바/1
위스키 바,landmark/위스키 바/2
재패니즈 빌리지,landmark/재패니즈 빌리지/0
재패니즈 빌리지,landmark/재패니즈 빌리지/1
재패니즈 빌리지,landmark/재패니즈 빌리지/2
모이스,landmark/모이스/0
앤션트 타이,landmark/앤션트 타이/0
술탄 압둘 사마드 빌딩,landmark/술탄 압둘 사마드 빌딩/0
술탄 압둘 사마드 빌딩,landmark/술탄 압둘 사마드 빌딩/1
얍초이 하우스,landmark/얍초이 하우스/0
레게 바,landmark/레게 바/0
아친 스트리트 모스크,landmark/아친 스트리트 모스크/0
Kafe Szalet,landmark/Kafe Szalet/0
Kafe Szalet,landmark/Kafe Szalet/1
Kafe Szalet,landmark/Kafe Szalet/2
Ambasada,landmark/Ambasada/0
Ambasada,landmark/Ambasada/1
Ambasada,landmark/Ambasada/2
Kuźnia Dobrych Klimatów,landmark/Kuźnia Dobrych Klimatów/0
Kuźnia Dobrych Klimatów,landmark/Kuźnia Dobrych Klimatów/1
Kuźnia Dobrych Klimatów,landmark/Kuźnia Dobrych Klimatów/2
Alive,landmark/Alive/0
Alive,landmark/Alive/1
Alive,landmark/Alive/2
Mosaiq,landmark/Mosaiq/0
Mosaiq,landmark/Mosaiq/1
Mosaiq,landmark/Mosaiq/2
유대교 회당,landmark/유대교 회당/0
유대교 회당,landmark/유대교 회당/1
Miodosytnia,landmark/Miodosytnia/0
Miodosytnia,landmark/Miodosytnia/1
Miodosytnia,landmark/Miodosytnia/2
Arsenał,landmark/Arsenał/0
Arsenał,landmark/Arsenał/1
Arsenał,landmark/Arsenał/2
Das Lokal,landmark/Das Lokal/0
Das Lokal,landmark/Das Lokal/1
Das Lokal,landmark/Das Lokal/2
Włodkowica 21,landmark/Włodkowica 21/0
Włodkowica 21,landmark/Włodkowica 21/1
Włodkowica 21,landmark/Włodkowica 21/2
Cherry Club,landmark/Cherry Club/0
Cherry Club,landmark/Cherry Club/1
Cherry Club,landmark/Cherry Club/2
Fuglereden,landmark/Fuglereden/0
Fuglereden,landmark/Fuglereden/1
Fuglereden,landmark/Fuglereden/2
Cph Cocktail,landmark/Cph Cocktail/0
Cph Cocktail,landmark/Cph Cocktail/1
Cph Cocktail,landmark/Cph Cocktail/2
Atze Peng,landmark/Atze Peng/0
Atze Peng,landmark/Atze Peng/1
Atze Peng,landmark/Atze Peng/2
Buddha Bar,landmark/Buddha Bar/0
Buddha Bar,landmark/Buddha Bar/1
Buddha Bar,landmark/Buddha Bar/2
Viggos Vinstue,landmark/Viggos Vinstue/0
The First Lady,landmark/The First Lady/0
The First Lady,landmark/The First Lady/1
The First Lady,landmark/The First Lady/2
The Globe Irish Pub,landmark/The Globe Irish Pub/0
The Globe Irish Pub,landmark/The Globe Irish Pub/1
The Globe Irish Pub,landmark/The Globe Irish Pub/2
Nørreport Bodega,landmark/Nørreport Bodega/1
Nørreport Bodega,landmark/Nørreport Bodega/2
Café Guldhornene,landmark/Café Guldhornene/0
Café Guldhornene,landmark/Café Guldhornene/1
Café Guldhornene,landmark/Café Guldhornene/2
Hornsleth Bar,landmark/Hornsleth Bar/0
Hornsleth Bar,landmark/Hornsleth Bar/1
Hornsleth Bar,landmark/Hornsleth Bar/2
Barcelona,landmark/Barcelona/0
Barcelona,landmark/Barcelona/1
Barcelona,landmark/Barcelona/2
Amazonia,landmark/Amazonia/0
Amazonia,landmark/Amazonia/1
Lux Golf Center,landmark/Lux Golf Center/0
Lux Golf Center,landmark/Lux Golf Center/1
Lux Golf Center,landmark/Lux Golf Center/2
Patinoire,landmark/Patinoire/0
Patinoire,landmark/Patinoire/1
Patinoire,landmark/Patinoire/2
Monument Grand-Duchesse Charlotte,landmark/Monument Grand-Duchesse Charlotte/0
Monument Grand-Duchesse Charlotte,landmark/Monument Grand-Duchesse Charlotte/1
Monument Grand-Duchesse Charlotte,landmark/Monument Grand-Duchesse Charlotte/2
Place l'Europe,landmark/Place l'Europe/0
Place l'Europe,landmark/Place l'Europe/1
Parc Tony Neuman,landmark/Parc Tony Neuman/0
Parc Tony Neuman,landmark/Parc Tony Neuman/1
Parc Tony Neuman,landmark/Parc Tony Neuman/2
Place De L'etoile,landmark/Place De L'etoile/0
Place De L'etoile,landmark/Place De L'etoile/1
Place De L'etoile,landmark/Place De L'etoile/2
Place Du Parc,landmark/Place Du Parc/0
Place Du Parc,landmark/Place Du Parc/1
Place Du Parc,landmark/Place Du Parc/2
Place du Theatre,landmark/Place du Theatre/0
Place du Theatre,landmark/Place du Theatre/1
Place du Theatre,landmark/Place du Theatre/2
Skatepark Hollerich,landmark/Skatepark Hollerich/0
Skatepark Hollerich,landmark/Skatepark Hollerich/1
Skatepark Hollerich,landmark/Skatepark Hollerich/2
Tennis Spora,landmark/Tennis Spora/0
Lira Bar Galeria,landmark/Lira Bar Galeria/0
Lira Bar Galeria,landmark/Lira Bar Galeria/1
Lira Bar Galeria,landmark/Lira Bar Galeria/2
La picá de los Cuñados,landmark/La picá de los Cuñados/0
La picá de los Cuñados,landmark/La picá de los Cuñados/1
La picá de los Cuñados,landmark/La picá de los Cuñados/2
Bar Don Rodrigo,landmark/Bar Don Rodrigo/0
Bar Don Rodrigo,landmark/Bar Don Rodrigo/1
Bar Don Rodrigo,landmark/Bar Don Rodrigo/2
Restaurant Yungay Viejo,landmark/Restaurant Yungay Viejo/0
Restaurant Yungay Viejo,landmark/Restaurant Yungay Viejo/1
Restaurant Yungay Viejo,landmark/Restaurant Yungay Viejo/2
Peperone,landmark/Peperone/0
Peperone,landmark/Peperone/1
Peperone,landmark/Peperone/2
Cervecería Trüf,landmark/Cervecería Trüf/0
Cervecería Trüf,landmark/Cervecería Trüf/1
Cervecería Trüf,landmark/Cervecería Trüf/2
Santo Remedio,landmark/Santo Remedio/0
Santo Remedio,landmark/Santo Remedio/1
Santo Remedio,landmark/Santo Remedio/2
Cervecería Nacional,landmark/Cervecería Nacional/0
Cervecería Nacional,landmark/Cervecería Nacional/1
Cervecería Nacional,landmark/Cervecería Nacional/2
Cascarrabia Boutique Ristorante,landmark/Cascarrabia Boutique Ristorante/0
Cascarrabia Boutique Ristorante,landmark/Cascarrabia Boutique Ristorante/1
Cascarrabia Boutique Ristorante,landmark/Cascarrabia Boutique Ristorante/2
Platipus Resto,landmark/Platipus Resto/0
Platipus Resto,landmark/Platipus Resto/1
Sindicato,landmark/Sindicato/0
Sindicato,landmark/Sindicato/1
Sindicato,landmark/Sindicato/2
스컬프쳐 스퀘어,landmark/스컬프쳐 스퀘어/0
스컬프쳐 스퀘어,landmark/스컬프쳐 스퀘어/1
보트하우스 앤 프렐류드,landmark/보트하우스 앤 프렐류드/0
보트하우스 앤 프렐류드,landmark/보트하우스 앤 프렐류드/1
보트하우스 앤 프렐류드,landmark/보트하우스 앤 프렐류드/2
보졸레 와인 바,landmark/보졸레 와인 바/0
보졸레 와인 바,landmark/보졸레 와인 바/1
보졸레 와인 바,landmark/보졸레 와인 바/2
디비 비스트로 모던,landmark/디비 비스트로 모던/0
디비 비스트로 모던,landmark/디비 비스트로 모던/1
임비아 룩 아웃,landmark/임비아 룩 아웃/0
뷰티 엠포리엄,landmark/뷰티 엠포리엄/0
뷰티 엠포리엄,landmark/뷰티 엠포리엄/1
스키 360,landmark/스키 360/0
스키 360,landmark/스키 360/1
스키 360,landmark/스키 360/2
폴라나 브라우하우스,landmark/폴라나 브라우하우스/0
베르지,landmark/베르지/0
베르지,landmark/베르지/1
포스트 바,landmark/포스트 바/0
바티니,landmark/바티니/0
바티니,landmark/바티니/1
바티니,landmark/바티니/2
The Oldest Public Bar,landmark/The Oldest Public Bar/0
The Oldest Public Bar,landmark/The Oldest Public Bar/2
El boliche de Roberto,landmark/El boliche de Roberto/0
El boliche de Roberto,landmark/El boliche de Roberto/1
El boliche de Roberto,landmark/El boliche de Roberto/2
Doppelgänger Bar,landmark/Doppelgänger Bar/0
Doppelgänger Bar,landmark/Doppelgänger Bar/1
Doppelgänger Bar,landmark/Doppelgänger Bar/2
Beer House Experience,landmark/Beer House Experience/0
Beer House Experience,landmark/Beer House Experience/1
Beer House Experience,landmark/Beer House Experience/2
Trova,landmark/Trova/0
Trova,landmark/Trova/1
Trova,landmark/Trova/2
Chupitos Bar,landmark/Chupitos Bar/0
Chupitos Bar,landmark/Chupitos Bar/1
Chupitos Bar,landmark/Chupitos Bar/2
Cossab,landmark/Cossab/0
Cossab,landmark/Cossab/1
Cossab,landmark/Cossab/2
Wax Museum | Muzeum voskových figurín,landmark/Wax Museum | Muzeum voskových figurín/0
Wax Museum | Muzeum voskových figurín,landmark/Wax Museum | Muzeum voskových figurín/1
Wax Museum | Muzeum voskových figurín,landmark/Wax Museum | Muzeum voskových figurín/2
Vyhlídka Petra Velikého,landmark/Vyhlídka Petra Velikého/0
Vyhlídka Petra Velikého,landmark/Vyhlídka Petra Velikého/1
Vyhlídka Petra Velikého,landmark/Vyhlídka Petra Velikého/2
Café Vlašský dvůr,landmark/Café Vlašský dvůr/0
Café Vlašský dvůr,landmark/Café Vlašský dvůr/1
Café Vlašský dvůr,landmark/Café Vlašský dvůr/2
Muzeum Karlovy Vary,landmark/Muzeum Karlovy Vary/0
Muzeum Karlovy Vary,landmark/Muzeum Karlovy Vary/1
Muzeum Karlovy Vary,landmark/Muzeum Karlovy Vary/2
Muzeum Vltavínů,landmark/Muzeum Vltavínů/0
Muzeum Vltavínů,landmark/Muzeum Vltavínů/1
Muzeum Vltavínů,landmark/Muzeum Vltavínů/2
Městský park Špilberk,landmark/Městský park Špilberk/0
Městský park Špilberk,landmark/Městský park Špilberk/1
Městský park Špilberk,landmark/Městský park Špilberk/2
Švejk,landmark/Švejk/0
Švejk,landmark/Švejk/1
Švejk,landmark/Švejk/2
Orloj,landmark/Orloj/0
Orloj,landmark/Orloj/1
Orloj,landmark/Orloj/2
Jelení skok,landmark/Jelení skok/0
Jelení skok,landmark/Jelení skok/1
Jelení skok,landmark/Jelení skok/2
Císařské lázně - Lázně I.,landmark/Císařské lázně - Lázně I./0
Císařské lázně - Lázně I.,landmark/Císařské lázně - Lázně I./1
Císařské lázně - Lázně I.,landmark/Císařské lázně - Lázně I./2
Černá věž | Black Tower,landmark/Černá věž | Black Tower/0
Černá věž | Black Tower,landmark/Černá věž | Black Tower/1
Černá věž | Black Tower,landmark/Černá věž | Black Tower/2
윌리엄스타운,landmark/윌리엄스타운/0
쿡 선장의 집,landmark/쿡 선장의 집/0
리젠트 극장,landmark/리젠트 극장/0
센테니얼 파크,landmark/센테니얼 파크/0
더 락스 디스커버리 박물관,landmark/더 락스 디스커버리 박물관/0
왕립 전시관,landmark/왕립 전시관/0
플래그스태프 정원,landmark/플래그스태프 정원/0
시드니 페리,landmark/시드니 페리/0
하버 브리지 등반,landmark/하버 브리지 등반/0
코르소 스트리트,landmark/코르소 스트리트/0
사법 경찰 박물관,landmark/사법 경찰 박물관/0
Soho,landmark/Soho/0
Soho,landmark/Soho/1
Soho,landmark/Soho/2
Спортна София,landmark/Спортна София/0
Спортна София,landmark/Спортна София/1
Спортна София,landmark/Спортна София/2
Fame,landmark/Fame/0
Fame,landmark/Fame/1
Fame,landmark/Fame/2
Once Upon a Time Biblioteka,landmark/Once Upon a Time Biblioteka/0
Once Upon a Time Biblioteka,landmark/Once Upon a Time Biblioteka/1
Once Upon a Time Biblioteka,landmark/Once Upon a Time Biblioteka/2
Modera Coffee,landmark/Modera Coffee/0
Modera Coffee,landmark/Modera Coffee/1
Modera Coffee,landmark/Modera Coffee/2
PlayHouse,landmark/PlayHouse/0
PlayHouse,landmark/PlayHouse/1
PlayHouse,landmark/PlayHouse/2
Стадион Раковски (Rakovski Stadium),landmark/Стадион Раковски (Rakovski Stadium)/0
Стадион Раковски (Rakovski Stadium),landmark/Стадион Раковски (Rakovski Stadium)/1
Стадион Раковски (Rakovski Stadium),landmark/Стадион Раковски (Rakovski Stadium)/2
Umbrella,landmark/Umbrella/0
Umbrella,landmark/Umbrella/1
Umbrella,landmark/Umbrella/2
О!Шипка (O!Shipka),landmark/О!Шипка (O!Shipka)/0
О!Шипка (O!Shipka),landmark/О!Шипка (O!Shipka)/1
О!Шипка (O!Shipka),landmark/О!Шипка (O!Shipka)/2
STREETBAR & CO.,landmark/STREETBAR & CO./0
STREETBAR & CO.,landmark/STREETBAR & CO./1
STREETBAR & CO.,landmark/STREETBAR & CO./2
"Зала ""Универсиада"" (Universiada Hall)","landmark/Зала ""Универсиада"" (Universiada Hall)/1"
"Зала ""Универсиада"" (Universiada Hall)","landmark/Зала ""Универсиада"" (Universiada Hall)/2"
Tony's bar,landmark/Tony's bar/0
Tony's bar,landmark/Tony's bar/1
Mingles Pub and Pool Bar,landmark/Mingles Pub and Pool Bar/0
Mingles Pub and Pool Bar,landmark/Mingles Pub and Pool Bar/1
Mingles Pub and Pool Bar,landmark/Mingles Pub and Pool Bar/2
Element 86,landmark/Element 86/0
Club Impulse,landmark/Club Impulse/0
Limelight,landmark/Limelight/0
Limelight,landmark/Limelight/1
Limelight,landmark/Limelight/2
Funky Munky Bistro & Bar,landmark/Funky Munky Bistro & Bar/0
Funky Munky Bistro & Bar,landmark/Funky Munky Bistro & Bar/1
Funky Munky Bistro & Bar,landmark/Funky Munky Bistro & Bar/2
Studio 38,landmark/Studio 38/0
Studio 38,landmark/Studio 38/1
Studio 38,landmark/Studio 38/2
Chasers Cafe,landmark/Chasers Cafe/0
Chasers Cafe,landmark/Chasers Cafe/1
Chasers Cafe,landmark/Chasers Cafe/2
The Pub at Devon House,landmark/The Pub at Devon House/0
The Cove Jerk Pit and Bar,landmark/The Cove Jerk Pit and Bar/0
The Cove Jerk Pit and Bar,landmark/The Cove Jerk Pit and Bar/1
The Cove Jerk Pit and Bar,landmark/The Cove Jerk Pit and Bar/2
Empire Plaza,landmark/Empire Plaza/0
MEO Arena,landmark/MEO Arena/0
MEO Arena,landmark/MEO Arena/1
MEO Arena,landmark/MEO Arena/2
Imax Colombo,landmark/Imax Colombo/0
Imax Colombo,landmark/Imax Colombo/1
Imax Colombo,landmark/Imax Colombo/2
Casino Lisboa,landmark/Casino Lisboa/0
Casino Lisboa,landmark/Casino Lisboa/1
Casino Lisboa,landmark/Casino Lisboa/2
Largo do Carmo,landmark/Largo do Carmo/0
Largo do Carmo,landmark/Largo do Carmo/1
Largo do Carmo,landmark/Largo do Carmo/2
Largo do Chiado,landmark/Largo do Chiado/0
Largo do Chiado,landmark/Largo do Chiado/1
Largo do Chiado,landmark/Largo do Chiado/2
Sol e Pesca,landmark/Sol e Pesca/0
Sol e Pesca,landmark/Sol e Pesca/1
Sol e Pesca,landmark/Sol e Pesca/2
Os Amigos da Severa,landmark/Os Amigos da Severa/0
Os Amigos da Severa,landmark/Os Amigos da Severa/1
Os Amigos da Severa,landmark/Os Amigos da Severa/2
Erasmus Corner,landmark/Erasmus Corner/0
Erasmus Corner,landmark/Erasmus Corner/1
Erasmus Corner,landmark/Erasmus Corner/2
Zona VIP - K Urban Beach,landmark/Zona VIP - K Urban Beach/1
Zona VIP - K Urban Beach,landmark/Zona VIP - K Urban Beach/2
Portugália - Balcão,landmark/Portugália - Balcão/0
Portugália - Balcão,landmark/Portugália - Balcão/1
Portugália - Balcão,landmark/Portugália - Balcão/2
Lisboa Story Centre,landmark/Lisboa Story Centre/0
Lisboa Story Centre,landmark/Lisboa Story Centre/1
Lisboa Story Centre,landmark/Lisboa Story Centre/2
The Player Hall of Fame Club,landmark/The Player Hall of Fame Club/0
The Player Hall of Fame Club,landmark/The Player Hall of Fame Club/1
The Player Hall of Fame Club,landmark/The Player Hall of Fame Club/2
VIP Lounge,landmark/VIP Lounge/0
VIP Lounge,landmark/VIP Lounge/1
VIP Lounge,landmark/VIP Lounge/2
One Club,landmark/One Club/0
One Club,landmark/One Club/1
One Club,landmark/One Club/2
Club Eden,landmark/Club Eden/0
Club Eden,landmark/Club Eden/1
Club Eden,landmark/Club Eden/2
Subsol Bar,landmark/Subsol Bar/0
Subsol Bar,landmark/Subsol Bar/1
Subsol Bar,landmark/Subsol Bar/2
Crazy Cafe & Lounge,landmark/Crazy Cafe & Lounge/0
Crazy Cafe & Lounge,landmark/Crazy Cafe & Lounge/1
Crazy Cafe & Lounge,landmark/Crazy Cafe & Lounge/2
Nenea Iancu,landmark/Nenea Iancu/0
Nenea Iancu,landmark/Nenea Iancu/1
Nenea Iancu,landmark/Nenea Iancu/2
La Muse,landmark/La Muse/0
La Muse,landmark/La Muse/1
La Muse,landmark/La Muse/2
MOJO,landmark/MOJO/0
MOJO,landmark/MOJO/1
MOJO,landmark/MOJO/2
Papiota,landmark/Papiota/0
Papiota,landmark/Papiota/1
Papiota,landmark/Papiota/2
Trafalgar,landmark/Trafalgar/0
Trafalgar,landmark/Trafalgar/1
Trafalgar,landmark/Trafalgar/2
FireFly,landmark/FireFly/0
Secret Lake,landmark/Secret Lake/0
Secret Lake,landmark/Secret Lake/1
Secret Lake,landmark/Secret Lake/2
Starling Farm Kampot Pepper,landmark/Starling Farm Kampot Pepper/0
Starling Farm Kampot Pepper,landmark/Starling Farm Kampot Pepper/1
Starling Farm Kampot Pepper,landmark/Starling Farm Kampot Pepper/2
Stunning View,landmark/Stunning View/0
Stunning View,landmark/Stunning View/1
Stunning View,landmark/Stunning View/2
Bokor Mountain Resort Kids Club,landmark/Bokor Mountain Resort Kids Club/0
Bokor Mountain Resort Kids Club,landmark/Bokor Mountain Resort Kids Club/1
Bokor Mountain Resort Kids Club,landmark/Bokor Mountain Resort Kids Club/2
Elite Golf Club,landmark/Elite Golf Club/0
Elite Golf Club,landmark/Elite Golf Club/1
Elite Golf Club,landmark/Elite Golf Club/2
Cambodia Country Club (CCC),landmark/Cambodia Country Club (CCC)/0
The Led Zephyr,landmark/The Led Zephyr/0
The Led Zephyr,landmark/The Led Zephyr/1
The Led Zephyr,landmark/The Led Zephyr/2
Ocheuteal Beach-Otres Beach,landmark/Ocheuteal Beach-Otres Beach/0
Ocheuteal Beach-Otres Beach,landmark/Ocheuteal Beach-Otres Beach/1
Ocheuteal Beach-Otres Beach,landmark/Ocheuteal Beach-Otres Beach/2
Maybe Later,landmark/Maybe Later/0
Maybe Later,landmark/Maybe Later/1
Maybe Later,landmark/Maybe Later/2
Monkey Republic,landmark/Monkey Republic/0
Monkey Republic,landmark/Monkey Republic/1
Monkey Republic,landmark/Monkey Republic/2
Tivoli Pub,landmark/Tivoli Pub/0
Tivoli Pub,landmark/Tivoli Pub/1
Tivoli Pub,landmark/Tivoli Pub/2
Acapulco Bar,landmark/Acapulco Bar/0
Acapulco Bar,landmark/Acapulco Bar/1
Acapulco Bar,landmark/Acapulco Bar/2
Kavarna Tromostovje,landmark/Kavarna Tromostovje/0
Kavarna Tromostovje,landmark/Kavarna Tromostovje/1
Hiša športa,landmark/Hiša športa/0
Hiša športa,landmark/Hiša športa/1
Hiša športa,landmark/Hiša športa/2
Kolosej Ljubljana,landmark/Kolosej Ljubljana/0
Kolosej Ljubljana,landmark/Kolosej Ljubljana/1
Kolosej Ljubljana,landmark/Kolosej Ljubljana/2
LP,landmark/LP/0
LP,landmark/LP/1
LP,landmark/LP/2
Spirit Bar & restaurant,landmark/Spirit Bar & restaurant/0
Spirit Bar & restaurant,landmark/Spirit Bar & restaurant/2
Thai Inn Pub,landmark/Thai Inn Pub/2
Kratochwill,landmark/Kratochwill/0
Kratochwill,landmark/Kratochwill/1
Kratochwill,landmark/Kratochwill/2
Nik's Bar,landmark/Nik's Bar/1
Chive Caffe,landmark/Chive Caffe/0
Chive Caffe,landmark/Chive Caffe/1
Archaeological Museum Sarnath,landmark/Archaeological Museum Sarnath/0
Archaeological Museum Sarnath,landmark/Archaeological Museum Sarnath/1
Archaeological Museum Sarnath,landmark/Archaeological Museum Sarnath/2
The Prinsep Bar,landmark/The Prinsep Bar/0
Sarkari Bhang Ki Dukan,landmark/Sarkari Bhang Ki Dukan/0
Harischandra Ghat,landmark/Harischandra Ghat/0
Harischandra Ghat,landmark/Harischandra Ghat/1
Harischandra Ghat,landmark/Harischandra Ghat/2
Suryauday Haveli Shivala Ghat,landmark/Suryauday Haveli Shivala Ghat/0
Suryauday Haveli Shivala Ghat,landmark/Suryauday Haveli Shivala Ghat/1
Suryauday Haveli Shivala Ghat,landmark/Suryauday Haveli Shivala Ghat/2
Mysore Palace,landmark/Mysore Palace/0
Mysore Palace,landmark/Mysore Palace/1
DRC Cinemas Screen 4,landmark/DRC Cinemas Screen 4/0
DRC Cinemas Screen 4,landmark/DRC Cinemas Screen 4/1
Rajkamal Theater,landmark/Rajkamal Theater/0
첸나이 국제공항,landmark/첸나이 국제공항/0
첸나이 국제공항,landmark/첸나이 국제공항/1
Sawai Mansingh Stadium Jaipur,landmark/Sawai Mansingh Stadium Jaipur/0
Sawai Mansingh Stadium Jaipur,landmark/Sawai Mansingh Stadium Jaipur/1
Sawai Mansingh Stadium Jaipur,landmark/Sawai Mansingh Stadium Jaipur/2
Replay Lounge,landmark/Replay Lounge/0
Replay Lounge,landmark/Replay Lounge/1
Replay Lounge,landmark/Replay Lounge/2
Marex,landmark/Marex/0
Marex,landmark/Marex/1
Marex,landmark/Marex/2
Caffe Galerija Đina,landmark/Caffe Galerija Đina/0
Caffe Galerija Đina,landmark/Caffe Galerija Đina/1
Caffe Galerija Đina,landmark/Caffe Galerija Đina/2
Dišpet,landmark/Dišpet/0
Dišpet,landmark/Dišpet/1
Dišpet,landmark/Dišpet/2
Shine Bar,landmark/Shine Bar/0
Shine Bar,landmark/Shine Bar/1
Mulini beach,landmark/Mulini beach/0
Mulini beach,landmark/Mulini beach/1
Mulini beach,landmark/Mulini beach/2
City marine,landmark/City marine/0
City marine,landmark/City marine/1
City marine,landmark/City marine/2
Rovinj Harbor,landmark/Rovinj Harbor/0
Rovinj Harbor,landmark/Rovinj Harbor/1
Rovinj Harbor,landmark/Rovinj Harbor/2
Brodarica beach,landmark/Brodarica beach/0
Brodarica beach,landmark/Brodarica beach/1
Brodarica beach,landmark/Brodarica beach/2
Sunturist Caffe,landmark/Sunturist Caffe/0
Sunturist Caffe,landmark/Sunturist Caffe/1
Sunturist Caffe,landmark/Sunturist Caffe/2
Kino Valli,landmark/Kino Valli/0
Kino Valli,landmark/Kino Valli/1
Kino Valli,landmark/Kino Valli/2
Mala Vala,landmark/Mala Vala/0
Mala Vala,landmark/Mala Vala/1
Mala Vala,landmark/Mala Vala/2
青岛奥林匹克帆船中心 Qingdao Olympic Sailing Center,landmark/青岛奥林匹克帆船中心 Qingdao Olympic Sailing Center/0
青岛奥林匹克帆船中心 Qingdao Olympic Sailing Center,landmark/青岛奥林匹克帆船中心 Qingdao Olympic Sailing Center/1
青岛奥林匹克帆船中心 Qingdao Olympic Sailing Center,landmark/青岛奥林匹克帆船中心 Qingdao Olympic Sailing Center/2
공묘와 국자감,landmark/공묘와 국자감/0
아리아,landmark/아리아/0
아구아 스패니쉬 레스토랑,landmark/아구아 스패니쉬 레스토랑/0
서광게 기념관,landmark/서광게 기념관/0
서광게 기념관,landmark/서광게 기념관/1
서광게 기념관,landmark/서광게 기념관/2
뮤즈,landmark/뮤즈/0
뮤즈,landmark/뮤즈/1
위인탕,landmark/위인탕/0
오도구,landmark/오도구/0
국가대극원,landmark/국가대극원/0
국가대극원,landmark/국가대극원/1
삼수당,landmark/삼수당/0
삼수당,landmark/삼수당/1
보리예술박물관,landmark/보리예술박물관/0
Middelheimpark,landmark/Middelheimpark/0
Middelheimpark,landmark/Middelheimpark/1
Middelheimpark,landmark/Middelheimpark/2
De Scheldekaaien,landmark/De Scheldekaaien/0
De Scheldekaaien,landmark/De Scheldekaaien/1
De Scheldekaaien,landmark/De Scheldekaaien/2
Meir,landmark/Meir/0
Meir,landmark/Meir/1
Meir,landmark/Meir/2
Site Oud Sint-Jan,landmark/Site Oud Sint-Jan/0
Site Oud Sint-Jan,landmark/Site Oud Sint-Jan/1
Site Oud Sint-Jan,landmark/Site Oud Sint-Jan/2
Zuidpark | Koning Albertpark,landmark/Zuidpark | Koning Albertpark/0
Zuidpark | Koning Albertpark,landmark/Zuidpark | Koning Albertpark/1
Zuidpark | Koning Albertpark,landmark/Zuidpark | Koning Albertpark/2
Sint-Baafsplein,landmark/Sint-Baafsplein/0
Sint-Baafsplein,landmark/Sint-Baafsplein/1
Sint-Baafsplein,landmark/Sint-Baafsplein/2
De Munt,landmark/De Munt/0
De Munt,landmark/De Munt/1
De Munt,landmark/De Munt/2
Comics Cafe,landmark/Comics Cafe/0
Comics Cafe,landmark/Comics Cafe/1
Comics Cafe,landmark/Comics Cafe/2
Place Bockstael,landmark/Place Bockstael/0
Place Bockstael,landmark/Place Bockstael/1
Place Bockstael,landmark/Place Bockstael/2
Hof van Liere,landmark/Hof van Liere/0
Hof van Liere,landmark/Hof van Liere/1
Hof van Liere,landmark/Hof van Liere/2
Suikerrui,landmark/Suikerrui/0
Suikerrui,landmark/Suikerrui/1
Suikerrui,landmark/Suikerrui/2
Altes Tramdepot,landmark/Altes Tramdepot/0
Altes Tramdepot,landmark/Altes Tramdepot/1
Altes Tramdepot,landmark/Altes Tramdepot/2
Bernisches Historisches Museum,landmark/Bernisches Historisches Museum/0
Bernisches Historisches Museum,landmark/Bernisches Historisches Museum/1
Bernisches Historisches Museum,landmark/Bernisches Historisches Museum/2
Einstein-Haus,landmark/Einstein-Haus/0
Einstein-Haus,landmark/Einstein-Haus/1
Einstein-Haus,landmark/Einstein-Haus/2
구 식물원,landmark/구 식물원/0
구 식물원,landmark/구 식물원/1
의학 역사 박물관,landmark/의학 역사 박물관/0
의학 역사 박물관,landmark/의학 역사 박물관/1
다다 바,landmark/다다 바/0
스카이다이브 엑스드림,landmark/스카이다이브 엑스드림/0
스카이다이브 엑스드림,landmark/스카이다이브 엑스드림/1
스카이다이브 엑스드림,landmark/스카이다이브 엑스드림/2
비아 페라타,landmark/비아 페라타/0
비아 페라타,landmark/비아 페라타/1
올드 패션 바,landmark/올드 패션 바/0
Kornmarkt,landmark/Kornmarkt/0
Kornmarkt,landmark/Kornmarkt/1
Kornmarkt,landmark/Kornmarkt/2
Tinguely-Brunnen,landmark/Tinguely-Brunnen/0
Tinguely-Brunnen,landmark/Tinguely-Brunnen/1
주명미술관,landmark/주명미술관/0
주명미술관,landmark/주명미술관/1
주명미술관,landmark/주명미술관/2
토은 전시관,landmark/토은 전시관/0
토은 전시관,landmark/토은 전시관/1
토은 전시관,landmark/토은 전시관/2
국가도서관,landmark/국가도서관/0
국가도서관,landmark/국가도서관/1
국가도서관,landmark/국가도서관/2
베이터우 문물관,landmark/베이터우 문물관/0
베이터우 문물관,landmark/베이터우 문물관/1
블리스,landmark/블리스/0
블리스,landmark/블리스/1
푸롱 해변,landmark/푸롱 해변/0
푸롱 해변,landmark/푸롱 해변/1
일중가상권,landmark/일중가상권/0
일중가상권,landmark/일중가상권/1
동해대학,landmark/동해대학/0
동해대학,landmark/동해대학/1
동해대학,landmark/동해대학/2
순익타이완원주민박물관,landmark/순익타이완원주민박물관/0
순익타이완원주민박물관,landmark/순익타이완원주민박물관/1
순익타이완원주민박물관,landmark/순익타이완원주민박물관/2
곽원익고병박물관,landmark/곽원익고병박물관/0
곽원익고병박물관,landmark/곽원익고병박물관/1
곽원익고병박물관,landmark/곽원익고병박물관/2
흑송세계박물관,landmark/흑송세계박물관/0
흑송세계박물관,landmark/흑송세계박물관/1
흑송세계박물관,landmark/흑송세계박물관/2
인스부르크 공항,landmark/인스부르크 공항/0
카지노 빈,landmark/카지노 빈/0
프란치스카너키르헤,landmark/프란치스카너키르헤/0
프란치스카너키르헤,landmark/프란치스카너키르헤/1
마담 투소 빈,landmark/마담 투소 빈/0
마담 투소 빈,landmark/마담 투소 빈/1
머피 아이리쉬 펍,landmark/머피 아이리쉬 펍/0
머피 아이리쉬 펍,landmark/머피 아이리쉬 펍/1
하우스 데어 나투어,landmark/하우스 데어 나투어/0
하우스 데어 나투어,landmark/하우스 데어 나투어/1
디 바이세,landmark/디 바이세/0
디 바이세,landmark/디 바이세/1
티롤리언 이브닝,landmark/티롤리언 이브닝/0
왕궁,landmark/왕궁/0
왕궁,landmark/왕궁/1
왕궁,landmark/왕궁/2
슈투바이 빙하,landmark/슈투바이 빙하/0
슈투바이 빙하,landmark/슈투바이 빙하/1
슈투바이 빙하,landmark/슈투바이 빙하/2
노이어 마르크트,landmark/노이어 마르크트/0
티비다보 성당,landmark/티비다보 성당/0
티비다보 성당,landmark/티비다보 성당/1
파티가스 델 께레르,landmark/파티가스 델 께레르/0
파티가스 델 께레르,landmark/파티가스 델 께레르/1
나바스 거리,landmark/나바스 거리/0
나바스 거리,landmark/나바스 거리/1
Cava Baja,landmark/Cava Baja/0
Cava Baja,landmark/Cava Baja/1
카사 데 캄포,landmark/카사 데 캄포/0
카사 데 캄포,landmark/카사 데 캄포/1
까사 깔베뜨,landmark/까사 깔베뜨/0
까사 깔베뜨,landmark/까사 깔베뜨/1
바르셀로나 산츠역,landmark/바르셀로나 산츠역/0
승리의 광장,landmark/승리의 광장/0
승리의 광장,landmark/승리의 광장/1
베르나베우 스타디움,landmark/베르나베우 스타디움/0
베르나베우 스타디움,landmark/베르나베우 스타디움/1
데보드 신전,landmark/데보드 신전/0
데보드 신전,landmark/데보드 신전/1
마리아 루이사 공원,landmark/마리아 루이사 공원/0
마리아 루이사 공원,landmark/마리아 루이사 공원/1
Howth Harbour Playground,landmark/Howth Harbour Playground/0
Howth Harbour Playground,landmark/Howth Harbour Playground/1
Howth Harbour Playground,landmark/Howth Harbour Playground/2
Irish Whiskey Museum,landmark/Irish Whiskey Museum/0
Irish Whiskey Museum,landmark/Irish Whiskey Museum/1
Irish Whiskey Museum,landmark/Irish Whiskey Museum/2
O'Connell's,landmark/O'Connell's/0
O'Connell's,landmark/O'Connell's/1
O'Connell's,landmark/O'Connell's/2
The Famine Memorial,landmark/The Famine Memorial/0
The Famine Memorial,landmark/The Famine Memorial/1
The Famine Memorial,landmark/The Famine Memorial/2
The Duke,landmark/The Duke/0
The Duke,landmark/The Duke/1
The Duke,landmark/The Duke/2
The Waterside,landmark/The Waterside/0
The Waterside,landmark/The Waterside/1
The Waterside,landmark/The Waterside/2
Ye Old Abbey Tavern,landmark/Ye Old Abbey Tavern/0
Ye Old Abbey Tavern,landmark/Ye Old Abbey Tavern/1
Ye Old Abbey Tavern,landmark/Ye Old Abbey Tavern/2
Grand Canal Wharf,landmark/Grand Canal Wharf/0
Grand Canal Wharf,landmark/Grand Canal Wharf/1
Grand Canal Wharf,landmark/Grand Canal Wharf/2
Mulligan's,landmark/Mulligan's/0
Mulligan's,landmark/Mulligan's/1
Mulligan's,landmark/Mulligan's/2
The Cobblestone,landmark/The Cobblestone/0
The Cobblestone,landmark/The Cobblestone/1
The Cobblestone,landmark/The Cobblestone/2
Bowe's Lounge,landmark/Bowe's Lounge/0
Bowe's Lounge,landmark/Bowe's Lounge/1
Bowe's Lounge,landmark/Bowe's Lounge/2
ΜΠΕΛ ΡΕΫ,landmark/ΜΠΕΛ ΡΕΫ/0
ΜΠΕΛ ΡΕΫ,landmark/ΜΠΕΛ ΡΕΫ/1
ΜΠΕΛ ΡΕΫ,landmark/ΜΠΕΛ ΡΕΫ/2
Oinoscent,landmark/Oinoscent/0
Oinoscent,landmark/Oinoscent/1
Oinoscent,landmark/Oinoscent/2
Galaxy Restaurant & Bar,landmark/Galaxy Restaurant & Bar/0
Galaxy Restaurant & Bar,landmark/Galaxy Restaurant & Bar/1
Galaxy Restaurant & Bar,landmark/Galaxy Restaurant & Bar/2
Noel,landmark/Noel/0
Noel,landmark/Noel/1
Noel,landmark/Noel/2
Ζάχαρη & Αλάτι,landmark/Ζάχαρη & Αλάτι/0
Ζάχαρη & Αλάτι,landmark/Ζάχαρη & Αλάτι/1
Ζάχαρη & Αλάτι,landmark/Ζάχαρη & Αλάτι/2
Pure Juice Bar,landmark/Pure Juice Bar/0
Pure Juice Bar,landmark/Pure Juice Bar/1
Pure Juice Bar,landmark/Pure Juice Bar/2
Drunk Sinatra,landmark/Drunk Sinatra/0
Drunk Sinatra,landmark/Drunk Sinatra/1
Drunk Sinatra,landmark/Drunk Sinatra/2
Baja Brewing Company,landmark/Baja Brewing Company/0
Baja Brewing Company,landmark/Baja Brewing Company/1
Baja Brewing Company,landmark/Baja Brewing Company/2
Playa El Médano,landmark/Playa El Médano/0
Playa El Médano,landmark/Playa El Médano/1
Playa El Médano,landmark/Playa El Médano/2
El Squid Roe,landmark/El Squid Roe/0
El Squid Roe,landmark/El Squid Roe/1
El Squid Roe,landmark/El Squid Roe/2
Esquina Bar,landmark/Esquina Bar/0
Esquina Bar,landmark/Esquina Bar/1
Esquina Bar,landmark/Esquina Bar/2
Hacienda,landmark/Hacienda/0
Hacienda,landmark/Hacienda/1
Hacienda,landmark/Hacienda/2
Puerto Paraíso,landmark/Puerto Paraíso/0
Puerto Paraíso,landmark/Puerto Paraíso/1
Puerto Paraíso,landmark/Puerto Paraíso/2
Nikki Beach,landmark/Nikki Beach/0
Nikki Beach,landmark/Nikki Beach/1
Nikki Beach,landmark/Nikki Beach/2
Lovers Beach,landmark/Lovers Beach/0
Lovers Beach,landmark/Lovers Beach/1
Lovers Beach,landmark/Lovers Beach/2
"Mango Deck Restaurant, Bar & Beach Club","landmark/Mango Deck Restaurant, Bar & Beach Club/0"
"Mango Deck Restaurant, Bar & Beach Club","landmark/Mango Deck Restaurant, Bar & Beach Club/1"
"Mango Deck Restaurant, Bar & Beach Club","landmark/Mango Deck Restaurant, Bar & Beach Club/2"
Smoothie Bar Cabo,landmark/Smoothie Bar Cabo/0
Smoothie Bar Cabo,landmark/Smoothie Bar Cabo/1
Smoothie Bar Cabo,landmark/Smoothie Bar Cabo/2
Mandala,landmark/Mandala/0
Mandala,landmark/Mandala/1
Mandala,landmark/Mandala/2
젠다르멘 광장,landmark/젠다르멘 광장/0
올림피아 공원,landmark/올림피아 공원/0
올림피아 공원,landmark/올림피아 공원/1
프랑크푸르트 역사박물관,landmark/프랑크푸르트 역사박물관/0
프랑크푸르트 역사박물관,landmark/프랑크푸르트 역사박물관/1
카이저 빌헬름 기념교회,landmark/카이저 빌헬름 기념교회/0
카이저 빌헬름 기념교회,landmark/카이저 빌헬름 기념교회/1
소니 센터,landmark/소니 센터/0
소니 센터,landmark/소니 센터/1
포츠다머 플라츠,landmark/포츠다머 플라츠/0
포츠다머 플라츠,landmark/포츠다머 플라츠/1
Dresdner Zwinger,landmark/Dresdner Zwinger/0
Dresdner Zwinger,landmark/Dresdner Zwinger/1
Dresdner Zwinger,landmark/Dresdner Zwinger/2
아잠 교회,landmark/아잠 교회/0
아잠 교회,landmark/아잠 교회/1
아우구스티너켈러,landmark/아우구스티너켈러/0
아우구스티너켈러,landmark/아우구스티너켈러/1
Residenzschloss,landmark/Residenzschloss/1
Residenzschloss,landmark/Residenzschloss/2
붉은 시청사,landmark/붉은 시청사/0
붉은 시청사,landmark/붉은 시청사/1
32.05,landmark/32.05/0
32.05,landmark/32.05/1
32.05,landmark/32.05/2
Государственный Кремлёвский дворец,landmark/Государственный Кремлёвский дворец/0
Государственный Кремлёвский дворец,landmark/Государственный Кремлёвский дворец/1
Государственный Кремлёвский дворец,landmark/Государственный Кремлёвский дворец/2
Манежная площадь,landmark/Манежная площадь/0
Манежная площадь,landmark/Манежная площадь/1
Манежная площадь,landmark/Манежная площадь/2
Дума,landmark/Дума/0
Дума,landmark/Дума/1
Дума,landmark/Дума/2
Измайловский кремль,landmark/Измайловский кремль/0
Измайловский кремль,landmark/Измайловский кремль/1
Измайловский кремль,landmark/Измайловский кремль/2
Мавзолей В. И. Ленина,landmark/Мавзолей В. И. Ленина/0
Мавзолей В. И. Ленина,landmark/Мавзолей В. И. Ленина/1
Мавзолей В. И. Ленина,landmark/Мавзолей В. И. Ленина/2
Триумфальная площадь,landmark/Триумфальная площадь/0
Триумфальная площадь,landmark/Триумфальная площадь/1
Триумфальная площадь,landmark/Триумфальная площадь/2
Площадь у м. Третьяковская,landmark/Площадь у м. Третьяковская/0
Площадь у м. Третьяковская,landmark/Площадь у м. Третьяковская/1
Площадь у м. Третьяковская,landmark/Площадь у м. Третьяковская/2
Лубянская площадь,landmark/Лубянская площадь/0
Лубянская площадь,landmark/Лубянская площадь/1
Лубянская площадь,landmark/Лубянская площадь/2
Площадь Революции,landmark/Площадь Революции/0
Площадь Революции,landmark/Площадь Революции/1
Площадь Революции,landmark/Площадь Революции/2
Тверская площадь,landmark/Тверская площадь/0
Тверская площадь,landmark/Тверская площадь/1
Тверская площадь,landmark/Тверская площадь/2
Carmen,landmark/Carmen/0
Carmen,landmark/Carmen/1
Carmen,landmark/Carmen/2
Nybroplan,landmark/Nybroplan/0
Nybroplan,landmark/Nybroplan/1
Nybroplan,landmark/Nybroplan/2
Kungsholmstorg,landmark/Kungsholmstorg/0
Kungsholmstorg,landmark/Kungsholmstorg/1
Kungsholmstorg,landmark/Kungsholmstorg/2
Norrmalmstorg,landmark/Norrmalmstorg/0
Norrmalmstorg,landmark/Norrmalmstorg/1
Norrmalmstorg,landmark/Norrmalmstorg/2
T.G.I. Friday's,landmark/T.G.I. Friday's/0
T.G.I. Friday's,landmark/T.G.I. Friday's/1
T.G.I. Friday's,landmark/T.G.I. Friday's/2
Lilla Hotellbaren,landmark/Lilla Hotellbaren/0
Lilla Hotellbaren,landmark/Lilla Hotellbaren/1
Lilla Hotellbaren,landmark/Lilla Hotellbaren/2
StureCompagniet,landmark/StureCompagniet/0
StureCompagniet,landmark/StureCompagniet/1
StureCompagniet,landmark/StureCompagniet/2
Snaps Bar & Grill,landmark/Snaps Bar & Grill/0
Snaps Bar & Grill,landmark/Snaps Bar & Grill/1
Snaps Bar & Grill,landmark/Snaps Bar & Grill/2
Filmstaden Söder,landmark/Filmstaden Söder/0
Filmstaden Söder,landmark/Filmstaden Söder/1
Filmstaden Söder,landmark/Filmstaden Söder/2
Elefantpojken,landmark/Elefantpojken/0
Elefantpojken,landmark/Elefantpojken/1
Elefantpojken,landmark/Elefantpojken/2
Erlands kafé,landmark/Erlands kafé/0
Erlands kafé,landmark/Erlands kafé/1
Erlands kafé,landmark/Erlands kafé/2
CONCENTRACION DEPORTIVA DE PICHINCHA,landmark/CONCENTRACION DEPORTIVA DE PICHINCHA/0
CONCENTRACION DEPORTIVA DE PICHINCHA,landmark/CONCENTRACION DEPORTIVA DE PICHINCHA/1
CONCENTRACION DEPORTIVA DE PICHINCHA,landmark/CONCENTRACION DEPORTIVA DE PICHINCHA/2
Redondel José Martí,landmark/Redondel José Martí/0
Redondel José Martí,landmark/Redondel José Martí/1
Redondel José Martí,landmark/Redondel José Martí/2
Parque Las Cuadras,landmark/Parque Las Cuadras/0
Parque Las Cuadras,landmark/Parque Las Cuadras/1
Parque Las Cuadras,landmark/Parque Las Cuadras/2
Parque Inglés,landmark/Parque Inglés/0
Parque Inglés,landmark/Parque Inglés/1
Parque Inglés,landmark/Parque Inglés/2
Pista Atlética Los Chasquis,landmark/Pista Atlética Los Chasquis/0
Pista Atlética Los Chasquis,landmark/Pista Atlética Los Chasquis/1
Pista Atlética Los Chasquis,landmark/Pista Atlética Los Chasquis/2
Plaza de Santo Domingo,landmark/Plaza de Santo Domingo/0
Plaza de Santo Domingo,landmark/Plaza de Santo Domingo/1
Plaza de Santo Domingo,landmark/Plaza de Santo Domingo/2
La Chilenita,landmark/La Chilenita/0
La Chilenita,landmark/La Chilenita/1
La Chilenita,landmark/La Chilenita/2
Canchas sintéticas Olímpico Sur,landmark/Canchas sintéticas Olímpico Sur/0
Canchas sintéticas Olímpico Sur,landmark/Canchas sintéticas Olímpico Sur/1
Canchas sintéticas Olímpico Sur,landmark/Canchas sintéticas Olímpico Sur/2
Jardín Botánico,landmark/Jardín Botánico/0
Jardín Botánico,landmark/Jardín Botánico/1
Jardín Botánico,landmark/Jardín Botánico/2
Parque Santa Ana,landmark/Parque Santa Ana/0
Parque Santa Ana,landmark/Parque Santa Ana/1
Parque Santa Ana,landmark/Parque Santa Ana/2
Parque Chino,landmark/Parque Chino/0
Parque Chino,landmark/Parque Chino/1
Parque Chino,landmark/Parque Chino/2
유니언 스퀘어,landmark/유니언 스퀘어/0
유니언 스퀘어,landmark/유니언 스퀘어/1
유니언 스퀘어,landmark/유니언 스퀘어/2
미국 자연사 박물관,landmark/미국 자연사 박물관/0
미국 자연사 박물관,landmark/미국 자연사 박물관/1
피셔맨스 워프,landmark/피셔맨스 워프/0
피셔맨스 워프,landmark/피셔맨스 워프/1
피셔맨스 워프,landmark/피셔맨스 워프/2
탑 오브 더 락,landmark/탑 오브 더 락/0
탑 오브 더 락,landmark/탑 오브 더 락/1
유니온 스퀘어,landmark/유니온 스퀘어/0
유니온 스퀘어,landmark/유니온 스퀘어/1
롬바드 스트리트,landmark/롬바드 스트리트/0
롬바드 스트리트,landmark/롬바드 스트리트/1
롬바드 스트리트,landmark/롬바드 스트리트/2
세인트 패트릭 대성당,landmark/세인트 패트릭 대성당/0
세인트 패트릭 대성당,landmark/세인트 패트릭 대성당/1
브로드웨이 극장,landmark/브로드웨이 극장/0
하이 라인,landmark/하이 라인/0
하이 라인,landmark/하이 라인/1
더 레이크(센트럴 파크),landmark/더 레이크(센트럴 파크)/0
더 레이크(센트럴 파크),landmark/더 레이크(센트럴 파크)/1
브루클린 다리 공원,landmark/브루클린 다리 공원/0
브루클린 다리 공원,landmark/브루클린 다리 공원/1
뷰지스 홍콩,landmark/뷰지스 홍콩/0
홍콩 우주 박물관,landmark/홍콩 우주 박물관/0
홍콩 우주 박물관,landmark/홍콩 우주 박물관/1
홍콩 우주 박물관,landmark/홍콩 우주 박물관/2
트라피스트 수도원,landmark/트라피스트 수도원/0
트라피스트 수도원,landmark/트라피스트 수도원/1
레벨스,landmark/레벨스/0
스턴톤즈 바 앤드 까페,landmark/스턴톤즈 바 앤드 까페/0
펄 온더 피크,landmark/펄 온더 피크/0
펄 온더 피크,landmark/펄 온더 피크/1
톤노 클럽,landmark/톤노 클럽/0
노부 인터콘티넨탈,landmark/노부 인터콘티넨탈/0
노부 인터콘티넨탈,landmark/노부 인터콘티넨탈/1
홍콩 헤리티지 디스커버리 센터,landmark/홍콩 헤리티지 디스커버리 센터/0
홍콩 헤리티지 디스커버리 센터,landmark/홍콩 헤리티지 디스커버리 센터/1
홍콩 헤리티지 디스커버리 센터,landmark/홍콩 헤리티지 디스커버리 센터/2
킹 루드비히 비어 홀,landmark/킹 루드비히 비어 홀/0
펠릭스,landmark/펠릭스/0
Plazoleta Espinar,landmark/Plazoleta Espinar/0
Plazoleta Espinar,landmark/Plazoleta Espinar/1
Plazoleta Espinar,landmark/Plazoleta Espinar/2
Plaza de Armas San Sebastián,landmark/Plaza de Armas San Sebastián/0
Plaza de Armas San Sebastián,landmark/Plaza de Armas San Sebastián/1
Plaza de Armas San Sebastián,landmark/Plaza de Armas San Sebastián/2
Plaza Limacpampa Grande,landmark/Plaza Limacpampa Grande/0
Plaza Limacpampa Grande,landmark/Plaza Limacpampa Grande/1
Plaza Limacpampa Grande,landmark/Plaza Limacpampa Grande/2
Plazoleta Santa Teresa,landmark/Plazoleta Santa Teresa/0
Plazoleta Santa Teresa,landmark/Plazoleta Santa Teresa/1
Plazoleta Santa Teresa,landmark/Plazoleta Santa Teresa/2
Museo Inka,landmark/Museo Inka/0
Museo Inka,landmark/Museo Inka/1
Museo Inka,landmark/Museo Inka/2
Centro Cultural Inca Garcilaso,landmark/Centro Cultural Inca Garcilaso/0
Centro Cultural Inca Garcilaso,landmark/Centro Cultural Inca Garcilaso/1
Centro Cultural Inca Garcilaso,landmark/Centro Cultural Inca Garcilaso/2
Palacio del Inca,landmark/Palacio del Inca/0
Palacio del Inca,landmark/Palacio del Inca/1
Palacio del Inca,landmark/Palacio del Inca/2
Conservatorio Nacional de Música - Sede Histórica,landmark/Conservatorio Nacional de Música - Sede Histórica/0
Conservatorio Nacional de Música - Sede Histórica,landmark/Conservatorio Nacional de Música - Sede Histórica/1
Asociación de Artistas Aficionados,landmark/Asociación de Artistas Aficionados/0
Asociación de Artistas Aficionados,landmark/Asociación de Artistas Aficionados/1
Asociación de Artistas Aficionados,landmark/Asociación de Artistas Aficionados/2
Casa de la Gastronomía Peruana,landmark/Casa de la Gastronomía Peruana/0
Casa de la Gastronomía Peruana,landmark/Casa de la Gastronomía Peruana/1
Casa de la Gastronomía Peruana,landmark/Casa de la Gastronomía Peruana/2
Base Club,landmark/Base Club/0
Base Club,landmark/Base Club/1
Base Club,landmark/Base Club/2
디 스파,landmark/디 스파/0
산토 토마스 대학,landmark/산토 토마스 대학/0
아움 스파,landmark/아움 스파/0
인썸니아,landmark/인썸니아/0
오푸스,landmark/오푸스/0
마티니,landmark/마티니/0
메다 스파,landmark/메다 스파/0
메다 스파,landmark/메다 스파/1
삭바얀 피크,landmark/삭바얀 피크/0
투어리스트 센터,landmark/투어리스트 센터/0
솔스티스 선 라운지,landmark/솔스티스 선 라운지/0
바클레욘 박물관,landmark/바클레욘 박물관/0
바클레욘 박물관,landmark/바클레욘 박물관/1
덴포잔 대관람차,landmark/덴포잔 대관람차/0
덴포잔 대관람차,landmark/덴포잔 대관람차/1
긴카쿠지(은각사),landmark/긴카쿠지(은각사)/0
긴카쿠지(은각사),landmark/긴카쿠지(은각사)/1
긴카쿠지(은각사),landmark/긴카쿠지(은각사)/2
캐널시티 하카타,landmark/캐널시티 하카타/0
캐널시티 하카타,landmark/캐널시티 하카타/1
난바 파크스,landmark/난바 파크스/0
난바 파크스,landmark/난바 파크스/1
난바 파크스,landmark/난바 파크스/2
니넨자카,landmark/니넨자카/0
니넨자카,landmark/니넨자카/1
니넨자카,landmark/니넨자카/2
킨카쿠지(금각사),landmark/킨카쿠지(금각사)/0
킨카쿠지(금각사),landmark/킨카쿠지(금각사)/1
킨카쿠지(금각사),landmark/킨카쿠지(금각사)/2
후쿠오카 타워,landmark/후쿠오카 타워/0
후쿠오카 타워,landmark/후쿠오카 타워/1
호젠지요코초,landmark/호젠지요코초/0
호젠지요코초,landmark/호젠지요코초/1
호젠지요코초,landmark/호젠지요코초/2
시사이드 모모치 해변공원,landmark/시사이드 모모치 해변공원/0
시사이드 모모치 해변공원,landmark/시사이드 모모치 해변공원/1
시사이드 모모치 해변공원,landmark/시사이드 모모치 해변공원/2
후시미 이나리 신사,landmark/후시미 이나리 신사/0
후시미 이나리 신사,landmark/후시미 이나리 신사/1
후시미 이나리 신사,landmark/후시미 이나리 신사/2
태국 민속촌,landmark/태국 민속촌/0
뱀부바,landmark/뱀부바/0
뱀부바,landmark/뱀부바/1
위앙 꿈깜,landmark/위앙 꿈깜/0
위앙 꿈깜,landmark/위앙 꿈깜/1
위앙 꿈깜,landmark/위앙 꿈깜/2
싼깜팽 온천,landmark/싼깜팽 온천/0
싼깜팽 온천,landmark/싼깜팽 온천/1
싼깜팽 온천,landmark/싼깜팽 온천/2
빠뚜타패,landmark/빠뚜타패/0
왓 쑤언독,landmark/왓 쑤언독/0
왓 쑤언독,landmark/왓 쑤언독/1
왓 쑤언독,landmark/왓 쑤언독/2
브라운 슈가(실롬 점),landmark/브라운 슈가(실롬 점)/0
브라운 슈가(실롬 점),landmark/브라운 슈가(실롬 점)/1
브라운 슈가(실롬 점),landmark/브라운 슈가(실롬 점)/2
치앙마이 국제공항,landmark/치앙마이 국제공항/0
파후랏,landmark/파후랏/0
파후랏,landmark/파후랏/1
파후랏,landmark/파후랏/2
전승 기념탑,landmark/전승 기념탑/0
전승 기념탑,landmark/전승 기념탑/1
실크 바 & 레스토랑,landmark/실크 바 & 레스토랑/0
Apollo Live Club,landmark/Apollo Live Club/0
Apollo Live Club,landmark/Apollo Live Club/1
Apollo Live Club,landmark/Apollo Live Club/2
LeBonk,landmark/LeBonk/0
LeBonk,landmark/LeBonk/1
LeBonk,landmark/LeBonk/2
Amarillo,landmark/Amarillo/0
Amarillo,landmark/Amarillo/1
Amarillo,landmark/Amarillo/2
Sivuraide,landmark/Sivuraide/0
Sivuraide,landmark/Sivuraide/1
The Circus,landmark/The Circus/0
The Circus,landmark/The Circus/1
The Circus,landmark/The Circus/2
Maxine,landmark/Maxine/0
Maxine,landmark/Maxine/1
Maxine,landmark/Maxine/2
Kortteliravintola Lungi,landmark/Kortteliravintola Lungi/0
Kortteliravintola Lungi,landmark/Kortteliravintola Lungi/1
Kortteliravintola Lungi,landmark/Kortteliravintola Lungi/2
Linko,landmark/Linko/0
Linko,landmark/Linko/1
Linko,landmark/Linko/2
Sushibar + Wine,landmark/Sushibar + Wine/0
Sushibar + Wine,landmark/Sushibar + Wine/1
Sushibar + Wine,landmark/Sushibar + Wine/2
Sea Horse,landmark/Sea Horse/0
Sea Horse,landmark/Sea Horse/1
Sea Horse,landmark/Sea Horse/2
Pintxoteria Los Cojones,landmark/Pintxoteria Los Cojones/0
Pintxoteria Los Cojones,landmark/Pintxoteria Los Cojones/1
Pintxoteria Los Cojones,landmark/Pintxoteria Los Cojones/2
Onda Restaurant,landmark/Onda Restaurant/0
Onda Restaurant,landmark/Onda Restaurant/1
Tøyenbadet,landmark/Tøyenbadet/0
Eger Spiseri & Vinbar,landmark/Eger Spiseri & Vinbar/0
Eger Spiseri & Vinbar,landmark/Eger Spiseri & Vinbar/1
Homan Bistro & Bar,landmark/Homan Bistro & Bar/0
Homan Bistro & Bar,landmark/Homan Bistro & Bar/1
Homan Bistro & Bar,landmark/Homan Bistro & Bar/2
Kunstnernes Hus,landmark/Kunstnernes Hus/0
Kunstnernes Hus,landmark/Kunstnernes Hus/1
Kunstnernes Hus,landmark/Kunstnernes Hus/2
Aye Aye Club,landmark/Aye Aye Club/0
Aye Aye Club,landmark/Aye Aye Club/1
Aye Aye Club,landmark/Aye Aye Club/2
Alexander Kiellands Plass,landmark/Alexander Kiellands Plass/0
Alexander Kiellands Plass,landmark/Alexander Kiellands Plass/1
Alexander Kiellands Plass,landmark/Alexander Kiellands Plass/2
Museet for Samtidskunst,landmark/Museet for Samtidskunst/0
Museet for Samtidskunst,landmark/Museet for Samtidskunst/1
Museet for Samtidskunst,landmark/Museet for Samtidskunst/2
Paradisbukta,landmark/Paradisbukta/0
Paradisbukta,landmark/Paradisbukta/1
Paradisbukta,landmark/Paradisbukta/2
Jernbanetorget,landmark/Jernbanetorget/0
Jernbanetorget,landmark/Jernbanetorget/1
Jernbanetorget,landmark/Jernbanetorget/2
Bislet Bad,landmark/Bislet Bad/0
성 세르기우스와 바쿠스 교회,landmark/성 세르기우스와 바쿠스 교회/0
성 세르기우스와 바쿠스 교회,landmark/성 세르기우스와 바쿠스 교회/1
Saray Koleksiyonlari Museum,landmark/Saray Koleksiyonlari Museum/0
비행기 박물관,landmark/비행기 박물관/0
비행기 박물관,landmark/비행기 박물관/1
미니아투르크,landmark/미니아투르크/0
미니아투르크,landmark/미니아투르크/1
베이레르베이 궁전,landmark/베이레르베이 궁전/0
군사 박물관,landmark/군사 박물관/0
군사 박물관,landmark/군사 박물관/1
파노라마 1453,landmark/파노라마 1453/0
파노라마 1453,landmark/파노라마 1453/1
나디스 재즈클럽,landmark/나디스 재즈클럽/0
나디스 재즈클럽,landmark/나디스 재즈클럽/1
Sureyya Opera House,landmark/Sureyya Opera House/0
Sureyya Opera House,landmark/Sureyya Opera House/1
제임스 조이스 아이리쉬펍,landmark/제임스 조이스 아이리쉬펍/0
제임스 조이스 아이리쉬펍,landmark/제임스 조이스 아이리쉬펍/1
Yavuz Sultan Selim Cami,landmark/Yavuz Sultan Selim Cami/0
Yavuz Sultan Selim Cami,landmark/Yavuz Sultan Selim Cami/1
Top One Academia,landmark/Top One Academia/0
Top One Academia,landmark/Top One Academia/1
Cucko,landmark/Cucko/0
Cucko,landmark/Cucko/1
Cucko,landmark/Cucko/2
Casa Cor,landmark/Casa Cor/0
Casa Cor,landmark/Casa Cor/1
Casa Cor,landmark/Casa Cor/2
Dado Garden Grill,landmark/Dado Garden Grill/0
Dado Garden Grill,landmark/Dado Garden Grill/1
Dado Garden Grill,landmark/Dado Garden Grill/2
Dublin Irish Pub,landmark/Dublin Irish Pub/0
Dublin Irish Pub,landmark/Dublin Irish Pub/1
Dublin Irish Pub,landmark/Dublin Irish Pub/2
Academia (GNU),landmark/Academia (GNU)/0
Academia (GNU),landmark/Academia (GNU)/1
Academia (GNU),landmark/Academia (GNU)/2
Bio Express,landmark/Bio Express/0
Bio Express,landmark/Bio Express/1
Bio Express,landmark/Bio Express/2
Bio Ativa,landmark/Bio Ativa/0
Bio Ativa,landmark/Bio Ativa/1
Bio Ativa,landmark/Bio Ativa/2
Sua Academia,landmark/Sua Academia/0
Sua Academia,landmark/Sua Academia/1
Sua Academia,landmark/Sua Academia/2
Boteco Pedrini,landmark/Boteco Pedrini/0
Boteco Pedrini,landmark/Boteco Pedrini/1
Boteco Pedrini,landmark/Boteco Pedrini/2
HD Sport Center,landmark/HD Sport Center/0
HD Sport Center,landmark/HD Sport Center/1
HD Sport Center,landmark/HD Sport Center/2
Verkade Pavilion,landmark/Verkade Pavilion/0
Verkade Pavilion,landmark/Verkade Pavilion/1
페예노르트 스타디움,landmark/페예노르트 스타디움/0
페예노르트 스타디움,landmark/페예노르트 스타디움/1
디지,landmark/디지/0
디지,landmark/디지/1
Paddy Murphy's,landmark/Paddy Murphy's/0
펠그림 파더 교회,landmark/펠그림 파더 교회/0
펠그림 파더 교회,landmark/펠그림 파더 교회/1
펠그림 파더 교회,landmark/펠그림 파더 교회/2
Louwman Museum - Nationaal Automobiel Museum,landmark/Louwman Museum - Nationaal Automobiel Museum/0
Louwman Museum - Nationaal Automobiel Museum,landmark/Louwman Museum - Nationaal Automobiel Museum/1
Louwman Museum - Nationaal Automobiel Museum,landmark/Louwman Museum - Nationaal Automobiel Museum/2
Haagse Bos,landmark/Haagse Bos/0
Haagse Bos,landmark/Haagse Bos/1
Haagse Bos,landmark/Haagse Bos/2
Buitenhof,landmark/Buitenhof/0
Buitenhof,landmark/Buitenhof/1
Buitenhof,landmark/Buitenhof/2
Strandslag 12,landmark/Strandslag 12/0
Strandslag 12,landmark/Strandslag 12/1
Strandslag 12,landmark/Strandslag 12/2
Grote Markt,landmark/Grote Markt/0
Grote Markt,landmark/Grote Markt/1
Grote Markt,landmark/Grote Markt/2
De Golfslag Beachclub,landmark/De Golfslag Beachclub/0
De Golfslag Beachclub,landmark/De Golfslag Beachclub/1
De Golfslag Beachclub,landmark/De Golfslag Beachclub/2
Niagara Falls (American Side),landmark/Niagara Falls (American Side)/0
Niagara Falls (American Side),landmark/Niagara Falls (American Side)/1
Niagara Falls (American Side),landmark/Niagara Falls (American Side)/2
Musée des beaux-arts de Montréal (MBAM),landmark/Musée des beaux-arts de Montréal (MBAM)/0
Musée des beaux-arts de Montréal (MBAM),landmark/Musée des beaux-arts de Montréal (MBAM)/1
Musée des beaux-arts de Montréal (MBAM),landmark/Musée des beaux-arts de Montréal (MBAM)/2
Miniature World,landmark/Miniature World/0
Miniature World,landmark/Miniature World/1
Miniature World,landmark/Miniature World/2
The 3 Brewers,landmark/The 3 Brewers/0
The 3 Brewers,landmark/The 3 Brewers/1
The 3 Brewers,landmark/The 3 Brewers/2
Terrapin Point,landmark/Terrapin Point/0
Terrapin Point,landmark/Terrapin Point/1
Terrapin Point,landmark/Terrapin Point/2
Kitsilano Public Pool,landmark/Kitsilano Public Pool/0
Kitsilano Public Pool,landmark/Kitsilano Public Pool/1
Kitsilano Public Pool,landmark/Kitsilano Public Pool/2
Lost Lagoon,landmark/Lost Lagoon/0
Lost Lagoon,landmark/Lost Lagoon/1
Lost Lagoon,landmark/Lost Lagoon/2
Parc Jarry,landmark/Parc Jarry/0
Parc Jarry,landmark/Parc Jarry/1
Parc Jarry,landmark/Parc Jarry/2
Observation Deck,landmark/Observation Deck/0
Observation Deck,landmark/Observation Deck/1
Observation Deck,landmark/Observation Deck/2
Whirlpool Rapids,landmark/Whirlpool Rapids/0
Whirlpool Rapids,landmark/Whirlpool Rapids/1
Whirlpool Rapids,landmark/Whirlpool Rapids/2
Edible Canada at the Market,landmark/Edible Canada at the Market/0
Edible Canada at the Market,landmark/Edible Canada at the Market/1
Edible Canada at the Market,landmark/Edible Canada at the Market/2
Boston,landmark/Boston/0
Boston,landmark/Boston/1
Boston,landmark/Boston/2
Ljósanótt,landmark/Ljósanótt/0
Ljósanótt,landmark/Ljósanótt/1
Ljósanótt,landmark/Ljósanótt/2
Ölsmiðjan,landmark/Ölsmiðjan/0
Ölsmiðjan,landmark/Ölsmiðjan/1
Ölsmiðjan,landmark/Ölsmiðjan/2
Bar 101,landmark/Bar 101/0
Bar 101,landmark/Bar 101/1
Bar 101,landmark/Bar 101/2
Flugstöð Leifs Eiríkssonar,landmark/Flugstöð Leifs Eiríkssonar/0
Flugstöð Leifs Eiríkssonar,landmark/Flugstöð Leifs Eiríkssonar/1
Flugstöð Leifs Eiríkssonar,landmark/Flugstöð Leifs Eiríkssonar/2
Icelandic museum of rock'n'roll,landmark/Icelandic museum of rock'n'roll/0
Icelandic museum of rock'n'roll,landmark/Icelandic museum of rock'n'roll/1
Icelandic museum of rock'n'roll,landmark/Icelandic museum of rock'n'roll/2
Sæmundur í Sparifötunum,landmark/Sæmundur í Sparifötunum/0
Sæmundur í Sparifötunum,landmark/Sæmundur í Sparifötunum/1
Sæmundur í Sparifötunum,landmark/Sæmundur í Sparifötunum/2
Hið Íslenzka Reðasafn,landmark/Hið Íslenzka Reðasafn/0
Hið Íslenzka Reðasafn,landmark/Hið Íslenzka Reðasafn/1
Hið Íslenzka Reðasafn,landmark/Hið Íslenzka Reðasafn/2
Nora Magasin,landmark/Nora Magasin/0
Nora Magasin,landmark/Nora Magasin/1
Nora Magasin,landmark/Nora Magasin/2
Stapi,landmark/Stapi/0
Stapi,landmark/Stapi/1
Stapi,landmark/Stapi/2
Grand Bahama Sports Complex,landmark/Grand Bahama Sports Complex/0
Grand Bahama Sports Complex,landmark/Grand Bahama Sports Complex/1
Grand Bahama Sports Complex,landmark/Grand Bahama Sports Complex/2
Margarita Villa Sand Bar,landmark/Margarita Villa Sand Bar/0
Margarita Villa Sand Bar,landmark/Margarita Villa Sand Bar/1
Margarita Villa Sand Bar,landmark/Margarita Villa Sand Bar/2
Lucaya Beach,landmark/Lucaya Beach/0
Lucaya Beach,landmark/Lucaya Beach/1
Lucaya Beach,landmark/Lucaya Beach/2
Garden of the Groves,landmark/Garden of the Groves/0
Garden of the Groves,landmark/Garden of the Groves/1
Garden of the Groves,landmark/Garden of the Groves/2
Beach,landmark/Beach/0
Beach,landmark/Beach/1
Beach,landmark/Beach/2
Viva Theater,landmark/Viva Theater/0
Viva Theater,landmark/Viva Theater/1
Viva Theater,landmark/Viva Theater/2
Goombay Bar,landmark/Goombay Bar/0
Goombay Bar,landmark/Goombay Bar/1
Goombay Bar,landmark/Goombay Bar/2
Viva Fortuna Bar,landmark/Viva Fortuna Bar/0
Viva Fortuna Bar,landmark/Viva Fortuna Bar/1
Viva Fortuna Bar,landmark/Viva Fortuna Bar/2
Sire's,landmark/Sire's/0
Sire's,landmark/Sire's/1
Sire's,landmark/Sire's/2
Chibah Cafe Coffeehouse and Wine Bar,landmark/Chibah Cafe Coffeehouse and Wine Bar/0
Chibah Cafe Coffeehouse and Wine Bar,landmark/Chibah Cafe Coffeehouse and Wine Bar/1
Chibah Cafe Coffeehouse and Wine Bar,landmark/Chibah Cafe Coffeehouse and Wine Bar/2
Regency Theatre,landmark/Regency Theatre/0
Regency Theatre,landmark/Regency Theatre/1
Museo del Oro del Banco de la República,landmark/Museo del Oro del Banco de la República/0
Museo del Oro del Banco de la República,landmark/Museo del Oro del Banco de la República/1
Museo del Oro del Banco de la República,landmark/Museo del Oro del Banco de la República/2
Casa E,landmark/Casa E/0
Casa E,landmark/Casa E/1
Casa E,landmark/Casa E/2
Park Way,landmark/Park Way/0
Park Way,landmark/Park Way/1
Park Way,landmark/Park Way/2
Parque Metropolitano Simón Bolívar,landmark/Parque Metropolitano Simón Bolívar/0
Parque Metropolitano Simón Bolívar,landmark/Parque Metropolitano Simón Bolívar/1
Parque Metropolitano Simón Bolívar,landmark/Parque Metropolitano Simón Bolívar/2
IMAX Procinal,landmark/IMAX Procinal/0
IMAX Procinal,landmark/IMAX Procinal/1
IMAX Procinal,landmark/IMAX Procinal/2
Bogotá Beer Company,landmark/Bogotá Beer Company/0
Bogotá Beer Company,landmark/Bogotá Beer Company/1
Bogotá Beer Company,landmark/Bogotá Beer Company/2
Bogota Beer Company,landmark/Bogota Beer Company/0
Bogota Beer Company,landmark/Bogota Beer Company/1
Bogota Beer Company,landmark/Bogota Beer Company/2
Bistronomy,landmark/Bistronomy/0
Bistronomy,landmark/Bistronomy/1
Bistronomy,landmark/Bistronomy/2
Teatro Mayor Julio Mario Santo Domingo,landmark/Teatro Mayor Julio Mario Santo Domingo/0
Teatro Mayor Julio Mario Santo Domingo,landmark/Teatro Mayor Julio Mario Santo Domingo/1
Teatro Mayor Julio Mario Santo Domingo,landmark/Teatro Mayor Julio Mario Santo Domingo/2
la vieja bodega,landmark/la vieja bodega/0
Mandarina Bar,landmark/Mandarina Bar/0
Mandarina Bar,landmark/Mandarina Bar/1
Mandarina Bar,landmark/Mandarina Bar/2
Monticulo,landmark/Monticulo/0
Monticulo,landmark/Monticulo/1
Monticulo,landmark/Monticulo/2
o'finnigan's irish,landmark/o'finnigan's irish/0
Terra,landmark/Terra/0
Terra,landmark/Terra/1
Terra,landmark/Terra/2
Bibliocafe Concert,landmark/Bibliocafe Concert/0
Bibliocafe Concert,landmark/Bibliocafe Concert/1
Bibliocafe Concert,landmark/Bibliocafe Concert/2
Brazilian Coffee,landmark/Brazilian Coffee/0
Brazilian Coffee,landmark/Brazilian Coffee/1
Brazilian Coffee,landmark/Brazilian Coffee/2
Florin,landmark/Florin/0
Florin,landmark/Florin/1
Cafe Oasis de Dali,landmark/Cafe Oasis de Dali/0
Cafe Oasis de Dali,landmark/Cafe Oasis de Dali/1
Cafe Oasis de Dali,landmark/Cafe Oasis de Dali/2
Korova,landmark/Korova/0
