landmark_name,image_url
산 마르코 광장,landmark/산 마르코 광장/1.jpg
밀라노 중앙역,landmark/밀라노 중앙역/1.jpg
밀라노 중앙역,landmark/밀라노 중앙역/2.jpg
산타 마리아 델 포폴로 성당,landmark/산타 마리아 델 포폴로 성당/1.jpg
산타 마리아 델 포폴로 성당,landmark/산타 마리아 델 포폴로 성당/2.jpg
산타 마리아 델 포폴로 성당,landmark/산타 마리아 델 포폴로 성당/3.jpg
칼차이우올리 거리,landmark/칼차이우올리 거리/1.jpg
칼차이우올리 거리,landmark/칼차이우올리 거리/2.jpg
산타 마르게리따 광장,landmark/산타 마르게리따 광장/1.jpg
산타 마르게리따 광장,landmark/산타 마르게리따 광장/2.jpg
산타루치아 항구,landmark/산타루치아 항구/1.jpg
두오모,landmark/두오모/1.jpg
두오모,landmark/두오모/2.jpg
두오모,landmark/두오모/3.jpg
페기 구겐하임 미술관,landmark/페기 구겐하임 미술관/1.jpg
페기 구겐하임 미술관,landmark/페기 구겐하임 미술관/2.jpg
페기 구겐하임 미술관,landmark/페기 구겐하임 미술관/3.jpg
산 프란체스코 성당,landmark/산 프란체스코 성당/1.jpg
해골사원,landmark/해골사원/1.jpg
해골사원,landmark/해골사원/2.jpg
퀴리날레 궁전,landmark/퀴리날레 궁전/1.jpg
Anggrek XXI,landmark/Anggrek XXI/1.jpg
Anggrek XXI,landmark/Anggrek XXI/2.jpg
Anggrek XXI,landmark/Anggrek XXI/3.jpg
Mal Artha Gading,landmark/Mal Artha Gading/1.jpg
Mal Artha Gading,landmark/Mal Artha Gading/2.jpg
Mal Artha Gading,landmark/Mal Artha Gading/3.jpg
Atlantis Water Adventure,landmark/Atlantis Water Adventure/1.jpg
Atlantis Water Adventure,landmark/Atlantis Water Adventure/2.jpg
Atlantis Water Adventure,landmark/Atlantis Water Adventure/3.jpg
Pluit Junction XXI,landmark/Pluit Junction XXI/1.jpg
Pluit Junction XXI,landmark/Pluit Junction XXI/2.jpg
Pluit Junction XXI,landmark/Pluit Junction XXI/3.jpg
Baywalk Mall,landmark/Baywalk Mall/1.jpg
Baywalk Mall,landmark/Baywalk Mall/2.jpg
Baywalk Mall,landmark/Baywalk Mall/3.jpg
Pejaten Village,landmark/Pejaten Village/1.jpg
Pejaten Village,landmark/Pejaten Village/2.jpg
Pejaten Village,landmark/Pejaten Village/3.jpg
Citra XXI,landmark/Citra XXI/1.jpg
Citra XXI,landmark/Citra XXI/2.jpg
Pluit Village XXI,landmark/Pluit Village XXI/1.jpg
Pluit Village XXI,landmark/Pluit Village XXI/2.jpg
Pluit Village XXI,landmark/Pluit Village XXI/3.jpg
Kalibata XXI,landmark/Kalibata XXI/1.jpg
Kalibata XXI,landmark/Kalibata XXI/2.jpg
Kalibata XXI,landmark/Kalibata XXI/3.jpg
Sunter Mall,landmark/Sunter Mall/1.jpg
Sunter Mall,landmark/Sunter Mall/2.jpg
Sunter Mall,landmark/Sunter Mall/3.jpg
BLOWFISH Kitchen & Bar,landmark/BLOWFISH Kitchen & Bar/1.jpg
BLOWFISH Kitchen & Bar,landmark/BLOWFISH Kitchen & Bar/2.jpg
BLOWFISH Kitchen & Bar,landmark/BLOWFISH Kitchen & Bar/3.jpg
Phap Lam Pagoda,landmark/Phap Lam Pagoda/1.jpg
Odev,landmark/Odev/1.jpg
Odev,landmark/Odev/2.jpg
Bãi Biển An Bàng (An Bang Beach),landmark/Bãi Biển An Bàng (An Bang Beach)/1.jpg
Bãi Biển An Bàng (An Bang Beach),landmark/Bãi Biển An Bàng (An Bang Beach)/2.jpg
Bãi Biển An Bàng (An Bang Beach),landmark/Bãi Biển An Bàng (An Bang Beach)/3.jpg
Louisiane Brewhouse,landmark/Louisiane Brewhouse/1.jpg
Louisiane Brewhouse,landmark/Louisiane Brewhouse/2.jpg
Louisiane Brewhouse,landmark/Louisiane Brewhouse/3.jpg
더 무스 & 루 레스토랑,landmark/더 무스 & 루 레스토랑/1.jpg
더 무스 & 루 레스토랑,landmark/더 무스 & 루 레스토랑/2.jpg
Lăng Tự Đức,landmark/Lăng Tự Đức/1.jpg
Lăng Tự Đức,landmark/Lăng Tự Đức/2.jpg
Điện Thái Hòa (Palace of Supreme Harmony),landmark/Điện Thái Hòa (Palace of Supreme Harmony)/1.jpg
Điện Thái Hòa (Palace of Supreme Harmony),landmark/Điện Thái Hòa (Palace of Supreme Harmony)/2.jpg
Điện Thái Hòa (Palace of Supreme Harmony),landmark/Điện Thái Hòa (Palace of Supreme Harmony)/3.jpg
Thanh Ha Pottery Village,landmark/Thanh Ha Pottery Village/1.jpg
Thanh Ha Pottery Village,landmark/Thanh Ha Pottery Village/2.jpg
Vinpearl Cable Car,landmark/Vinpearl Cable Car/1.jpg
Vinpearl Cable Car,landmark/Vinpearl Cable Car/2.jpg
Vinpearl Cable Car,landmark/Vinpearl Cable Car/3.jpg
더 울프하운드 아이리쉬 펍,landmark/더 울프하운드 아이리쉬 펍/1.jpg
누 이터리,landmark/누 이터리/1.jpg
누 이터리,landmark/누 이터리/2.jpg
누 이터리,landmark/누 이터리/3.jpg
Hulhumale' BBQ Beach,landmark/Hulhumale' BBQ Beach/1.jpg
Hulhumale' BBQ Beach,landmark/Hulhumale' BBQ Beach/2.jpg
Hulhumale' BBQ Beach,landmark/Hulhumale' BBQ Beach/3.jpg
Maa Kandu,landmark/Maa Kandu/1.jpg
Maa Kandu,landmark/Maa Kandu/2.jpg
Maa Kandu,landmark/Maa Kandu/3.jpg
Hulhumale' Main Road,landmark/Hulhumale' Main Road/1.jpg
Hulhumale' Main Road,landmark/Hulhumale' Main Road/2.jpg
Hulhumale' Main Road,landmark/Hulhumale' Main Road/3.jpg
Alimas Ufaa Carnival Stage Area,landmark/Alimas Ufaa Carnival Stage Area/1.jpg
Alimas Ufaa Carnival Stage Area,landmark/Alimas Ufaa Carnival Stage Area/2.jpg
Alimas Ufaa Carnival Stage Area,landmark/Alimas Ufaa Carnival Stage Area/3.jpg
Maafannu Buru,landmark/Maafannu Buru/1.jpg
Maafannu Buru,landmark/Maafannu Buru/2.jpg
Maafannu Buru,landmark/Maafannu Buru/3.jpg
Swimming Pool @ Sheraton Maldives,landmark/Swimming Pool @ Sheraton Maldives/1.jpg
Swimming Pool @ Sheraton Maldives,landmark/Swimming Pool @ Sheraton Maldives/2.jpg
Swimming Pool @ Sheraton Maldives,landmark/Swimming Pool @ Sheraton Maldives/3.jpg
Maafushi Jetty,landmark/Maafushi Jetty/1.jpg
Maafushi Jetty,landmark/Maafushi Jetty/2.jpg
Dhiffushi Bandharu,landmark/Dhiffushi Bandharu/1.jpg
Dhiffushi Bandharu,landmark/Dhiffushi Bandharu/2.jpg
Dhiffushi Bandharu,landmark/Dhiffushi Bandharu/3.jpg
Sunset Park,landmark/Sunset Park/1.jpg
Sunset Park,landmark/Sunset Park/2.jpg
Sunset Park,landmark/Sunset Park/3.jpg
Banana Reef,landmark/Banana Reef/1.jpg
Banana Reef,landmark/Banana Reef/2.jpg
Banana Reef,landmark/Banana Reef/3.jpg
Recreation Beach,landmark/Recreation Beach/1.jpg
Recreation Beach,landmark/Recreation Beach/2.jpg
Recreation Beach,landmark/Recreation Beach/3.jpg
푸르비에르 노틀담 성당,landmark/푸르비에르 노틀담 성당/1.jpg
푸르비에르 노틀담 성당,landmark/푸르비에르 노틀담 성당/2.jpg
푸르비에르 노틀담 성당,landmark/푸르비에르 노틀담 성당/3.jpg
죄 드 폼 국립미술관,landmark/죄 드 폼 국립미술관/1.jpg
죄 드 폼 국립미술관,landmark/죄 드 폼 국립미술관/2.jpg
바르비종,landmark/바르비종/1.jpg
바르비종,landmark/바르비종/2.jpg
파리 동역,landmark/파리 동역/1.jpg
파리 동역,landmark/파리 동역/2.jpg
자드킨 미술관,landmark/자드킨 미술관/1.jpg
자드킨 미술관,landmark/자드킨 미술관/2.jpg
루소의 아틀리에,landmark/루소의 아틀리에/1.jpg
루소의 아틀리에,landmark/루소의 아틀리에/2.jpg
오데옹 극장,landmark/오데옹 극장/1.jpg
오데옹 극장,landmark/오데옹 극장/2.jpg
테로 광장,landmark/테로 광장/1.jpg
테로 광장,landmark/테로 광장/2.jpg
코메디 프랑세즈,landmark/코메디 프랑세즈/1.jpg
코메디 프랑세즈,landmark/코메디 프랑세즈/2.jpg
코메디 프랑세즈,landmark/코메디 프랑세즈/3.jpg
Galerie des Glaces,landmark/Galerie des Glaces/1.jpg
Galerie des Glaces,landmark/Galerie des Glaces/2.jpg
Galerie des Glaces,landmark/Galerie des Glaces/3.jpg
Place de la Cathédrale,landmark/Place de la Cathédrale/1.jpg
Place de la Cathédrale,landmark/Place de la Cathédrale/2.jpg
Place de la Cathédrale,landmark/Place de la Cathédrale/3.jpg
제타 바,landmark/제타 바/1.jpg
제타 바,landmark/제타 바/2.jpg
쑨얏센 박물관,landmark/쑨얏센 박물관/1.jpg
쑨얏센 박물관,landmark/쑨얏센 박물관/2.jpg
쑨얏센 박물관,landmark/쑨얏센 박물관/3.jpg
메실라우 리조트,landmark/메실라우 리조트/1.jpg
위스키 바,landmark/위스키 바/1.jpg
위스키 바,landmark/위스키 바/2.jpg
위스키 바,landmark/위스키 바/3.jpg
재패니즈 빌리지,landmark/재패니즈 빌리지/1.jpg
재패니즈 빌리지,landmark/재패니즈 빌리지/2.jpg
재패니즈 빌리지,landmark/재패니즈 빌리지/3.jpg
모이스,landmark/모이스/1.jpg
앤션트 타이,landmark/앤션트 타이/1.jpg
술탄 압둘 사마드 빌딩,landmark/술탄 압둘 사마드 빌딩/1.jpg
술탄 압둘 사마드 빌딩,landmark/술탄 압둘 사마드 빌딩/2.jpg
얍초이 하우스,landmark/얍초이 하우스/1.jpg
레게 바,landmark/레게 바/1.jpg
아친 스트리트 모스크,landmark/아친 스트리트 모스크/1.jpg
Kafe Szalet,landmark/Kafe Szalet/1.jpg
Kafe Szalet,landmark/Kafe Szalet/2.jpg
Kafe Szalet,landmark/Kafe Szalet/3.jpg
Ambasada,landmark/Ambasada/1.jpg
Ambasada,landmark/Ambasada/2.jpg
Ambasada,landmark/Ambasada/3.jpg
Kuźnia Dobrych Klimatów,landmark/Kuźnia Dobrych Klimatów/1.jpg
Kuźnia Dobrych Klimatów,landmark/Kuźnia Dobrych Klimatów/2.jpg
Kuźnia Dobrych Klimatów,landmark/Kuźnia Dobrych Klimatów/3.jpg
Alive,landmark/Alive/1.jpg
Alive,landmark/Alive/2.jpg
Alive,landmark/Alive/3.jpg
Mosaiq,landmark/Mosaiq/1.jpg
Mosaiq,landmark/Mosaiq/2.jpg
Mosaiq,landmark/Mosaiq/3.jpg
유대교 회당,landmark/유대교 회당/1.jpg
유대교 회당,landmark/유대교 회당/2.jpg
Miodosytnia,landmark/Miodosytnia/1.jpg
Miodosytnia,landmark/Miodosytnia/2.jpg
Miodosytnia,landmark/Miodosytnia/3.jpg
Arsenał,landmark/Arsenał/1.jpg
Arsenał,landmark/Arsenał/2.jpg
Arsenał,landmark/Arsenał/3.jpg
Das Lokal,landmark/Das Lokal/1.jpg
Das Lokal,landmark/Das Lokal/2.jpg
Das Lokal,landmark/Das Lokal/3.jpg
Włodkowica 21,landmark/Włodkowica 21/1.jpg
Włodkowica 21,landmark/Włodkowica 21/2.jpg
Włodkowica 21,landmark/Włodkowica 21/3.jpg
Cherry Club,landmark/Cherry Club/1.jpg
Cherry Club,landmark/Cherry Club/2.jpg
Cherry Club,landmark/Cherry Club/3.jpg
Fuglereden,landmark/Fuglereden/1.jpg
Fuglereden,landmark/Fuglereden/2.jpg
Fuglereden,landmark/Fuglereden/3.jpg
Cph Cocktail,landmark/Cph Cocktail/1.jpg
Cph Cocktail,landmark/Cph Cocktail/2.jpg
Cph Cocktail,landmark/Cph Cocktail/3.jpg
Atze Peng,landmark/Atze Peng/1.jpg
Atze Peng,landmark/Atze Peng/2.jpg
Atze Peng,landmark/Atze Peng/3.jpg
Buddha Bar,landmark/Buddha Bar/1.jpg
Buddha Bar,landmark/Buddha Bar/2.jpg
Buddha Bar,landmark/Buddha Bar/3.jpg
Viggos Vinstue,landmark/Viggos Vinstue/1.jpg
The First Lady,landmark/The First Lady/1.jpg
The First Lady,landmark/The First Lady/2.jpg
The First Lady,landmark/The First Lady/3.jpg
The Globe Irish Pub,landmark/The Globe Irish Pub/1.jpg
The Globe Irish Pub,landmark/The Globe Irish Pub/2.jpg
The Globe Irish Pub,landmark/The Globe Irish Pub/3.jpg
Nørreport Bodega,landmark/Nørreport Bodega/2.jpg
Nørreport Bodega,landmark/Nørreport Bodega/3.jpg
Café Guldhornene,landmark/Café Guldhornene/1.jpg
Café Guldhornene,landmark/Café Guldhornene/2.jpg
Café Guldhornene,landmark/Café Guldhornene/3.jpg
Hornsleth Bar,landmark/Hornsleth Bar/1.jpg
Hornsleth Bar,landmark/Hornsleth Bar/2.jpg
Hornsleth Bar,landmark/Hornsleth Bar/3.jpg
Barcelona,landmark/Barcelona/1.jpg
Barcelona,landmark/Barcelona/2.jpg
Barcelona,landmark/Barcelona/3.jpg
Amazonia,landmark/Amazonia/1.jpg
Amazonia,landmark/Amazonia/2.jpg
Lux Golf Center,landmark/Lux Golf Center/1.jpg
Lux Golf Center,landmark/Lux Golf Center/2.jpg
Lux Golf Center,landmark/Lux Golf Center/3.jpg
Patinoire,landmark/Patinoire/1.jpg
Patinoire,landmark/Patinoire/2.jpg
Patinoire,landmark/Patinoire/3.jpg
Monument Grand-Duchesse Charlotte,landmark/Monument Grand-Duchesse Charlotte/1.jpg
Monument Grand-Duchesse Charlotte,landmark/Monument Grand-Duchesse Charlotte/2.jpg
Monument Grand-Duchesse Charlotte,landmark/Monument Grand-Duchesse Charlotte/3.jpg
Place l'Europe,landmark/Place l'Europe/1.jpg
Place l'Europe,landmark/Place l'Europe/2.jpg
Parc Tony Neuman,landmark/Parc Tony Neuman/1.jpg
Parc Tony Neuman,landmark/Parc Tony Neuman/2.jpg
Parc Tony Neuman,landmark/Parc Tony Neuman/3.jpg
Place De L'etoile,landmark/Place De L'etoile/1.jpg
Place De L'etoile,landmark/Place De L'etoile/2.jpg
Place De L'etoile,landmark/Place De L'etoile/3.jpg
Place Du Parc,landmark/Place Du Parc/1.jpg
Place Du Parc,landmark/Place Du Parc/2.jpg
Place Du Parc,landmark/Place Du Parc/3.jpg
Place du Theatre,landmark/Place du Theatre/1.jpg
Place du Theatre,landmark/Place du Theatre/2.jpg
Place du Theatre,landmark/Place du Theatre/3.jpg
Skatepark Hollerich,landmark/Skatepark Hollerich/1.jpg
Skatepark Hollerich,landmark/Skatepark Hollerich/2.jpg
Skatepark Hollerich,landmark/Skatepark Hollerich/3.jpg
Tennis Spora,landmark/Tennis Spora/1.jpg
Lira Bar Galeria,landmark/Lira Bar Galeria/1.jpg
Lira Bar Galeria,landmark/Lira Bar Galeria/2.jpg
Lira Bar Galeria,landmark/Lira Bar Galeria/3.jpg
La picá de los Cuñados,landmark/La picá de los Cuñados/1.jpg
La picá de los Cuñados,landmark/La picá de los Cuñados/2.jpg
La picá de los Cuñados,landmark/La picá de los Cuñados/3.jpg
Bar Don Rodrigo,landmark/Bar Don Rodrigo/1.jpg
Bar Don Rodrigo,landmark/Bar Don Rodrigo/2.jpg
Bar Don Rodrigo,landmark/Bar Don Rodrigo/3.jpg
Restaurant Yungay Viejo,landmark/Restaurant Yungay Viejo/1.jpg
Restaurant Yungay Viejo,landmark/Restaurant Yungay Viejo/2.jpg
Restaurant Yungay Viejo,landmark/Restaurant Yungay Viejo/3.jpg
Peperone,landmark/Peperone/1.jpg
Peperone,landmark/Peperone/2.jpg
Peperone,landmark/Peperone/3.jpg
Cervecería Trüf,landmark/Cervecería Trüf/1.jpg
Cervecería Trüf,landmark/Cervecería Trüf/2.jpg
Cervecería Trüf,landmark/Cervecería Trüf/3.jpg
Santo Remedio,landmark/Santo Remedio/1.jpg
Santo Remedio,landmark/Santo Remedio/2.jpg
Santo Remedio,landmark/Santo Remedio/3.jpg
Cervecería Nacional,landmark/Cervecería Nacional/1.jpg
Cervecería Nacional,landmark/Cervecería Nacional/2.jpg
Cervecería Nacional,landmark/Cervecería Nacional/3.jpg
Cascarrabia Boutique Ristorante,landmark/Cascarrabia Boutique Ristorante/1.jpg
Cascarrabia Boutique Ristorante,landmark/Cascarrabia Boutique Ristorante/2.jpg
Cascarrabia Boutique Ristorante,landmark/Cascarrabia Boutique Ristorante/3.jpg
Platipus Resto,landmark/Platipus Resto/1.jpg
Platipus Resto,landmark/Platipus Resto/2.jpg
Sindicato,landmark/Sindicato/1.jpg
Sindicato,landmark/Sindicato/2.jpg
Sindicato,landmark/Sindicato/3.jpg
스컬프쳐 스퀘어,landmark/스컬프쳐 스퀘어/1.jpg
스컬프쳐 스퀘어,landmark/스컬프쳐 스퀘어/2.jpg
보트하우스 앤 프렐류드,landmark/보트하우스 앤 프렐류드/1.jpg
보트하우스 앤 프렐류드,landmark/보트하우스 앤 프렐류드/2.jpg
보트하우스 앤 프렐류드,landmark/보트하우스 앤 프렐류드/3.jpg
보졸레 와인 바,landmark/보졸레 와인 바/1.jpg
보졸레 와인 바,landmark/보졸레 와인 바/2.jpg
보졸레 와인 바,landmark/보졸레 와인 바/3.jpg
디비 비스트로 모던,landmark/디비 비스트로 모던/1.jpg
디비 비스트로 모던,landmark/디비 비스트로 모던/2.jpg
임비아 룩 아웃,landmark/임비아 룩 아웃/1.jpg
뷰티 엠포리엄,landmark/뷰티 엠포리엄/1.jpg
뷰티 엠포리엄,landmark/뷰티 엠포리엄/2.jpg
스키 360,landmark/스키 360/1.jpg
스키 360,landmark/스키 360/2.jpg
스키 360,landmark/스키 360/3.jpg
폴라나 브라우하우스,landmark/폴라나 브라우하우스/1.jpg
베르지,landmark/베르지/1.jpg
베르지,landmark/베르지/2.jpg
포스트 바,landmark/포스트 바/1.jpg
바티니,landmark/바티니/1.jpg
바티니,landmark/바티니/2.jpg
바티니,landmark/바티니/3.jpg
The Oldest Public Bar,landmark/The Oldest Public Bar/1.jpg
The Oldest Public Bar,landmark/The Oldest Public Bar/3.jpg
El boliche de Roberto,landmark/El boliche de Roberto/1.jpg
El boliche de Roberto,landmark/El boliche de Roberto/2.jpg
El boliche de Roberto,landmark/El boliche de Roberto/3.jpg
Doppelgänger Bar,landmark/Doppelgänger Bar/1.jpg
Doppelgänger Bar,landmark/Doppelgänger Bar/2.jpg
Doppelgänger Bar,landmark/Doppelgänger Bar/3.jpg
Beer House Experience,landmark/Beer House Experience/1.jpg
Beer House Experience,landmark/Beer House Experience/2.jpg
Beer House Experience,landmark/Beer House Experience/3.jpg
Trova,landmark/Trova/1.jpg
Trova,landmark/Trova/2.jpg
Trova,landmark/Trova/3.jpg
Chupitos Bar,landmark/Chupitos Bar/1.jpg
Chupitos Bar,landmark/Chupitos Bar/2.jpg
Chupitos Bar,landmark/Chupitos Bar/3.jpg
Cossab,landmark/Cossab/1.jpg
Cossab,landmark/Cossab/2.jpg
Cossab,landmark/Cossab/3.jpg
Wax Museum | Muzeum voskových figurín,landmark/Wax Museum | Muzeum voskových figurín/1.jpg
Wax Museum | Muzeum voskových figurín,landmark/Wax Museum | Muzeum voskových figurín/2.jpg
Wax Museum | Muzeum voskových figurín,landmark/Wax Museum | Muzeum voskových figurín/3.jpg
Vyhlídka Petra Velikého,landmark/Vyhlídka Petra Velikého/1.jpg
Vyhlídka Petra Velikého,landmark/Vyhlídka Petra Velikého/2.jpg
Vyhlídka Petra Velikého,landmark/Vyhlídka Petra Velikého/3.jpg
Café Vlašský dvůr,landmark/Café Vlašský dvůr/1.jpg
Café Vlašský dvůr,landmark/Café Vlašský dvůr/2.jpg
Café Vlašský dvůr,landmark/Café Vlašský dvůr/3.jpg
Muzeum Karlovy Vary,landmark/Muzeum Karlovy Vary/1.jpg
Muzeum Karlovy Vary,landmark/Muzeum Karlovy Vary/2.jpg
Muzeum Karlovy Vary,landmark/Muzeum Karlovy Vary/3.jpg
Muzeum Vltavínů,landmark/Muzeum Vltavínů/1.jpg
Muzeum Vltavínů,landmark/Muzeum Vltavínů/2.jpg
Muzeum Vltavínů,landmark/Muzeum Vltavínů/3.jpg
Městský park Špilberk,landmark/Městský park Špilberk/1.jpg
Městský park Špilberk,landmark/Městský park Špilberk/2.jpg
Městský park Špilberk,landmark/Městský park Špilberk/3.jpg
Švejk,landmark/Švejk/1.jpg
Švejk,landmark/Švejk/2.jpg
Švejk,landmark/Švejk/3.jpg
Orloj,landmark/Orloj/1.jpg
Orloj,landmark/Orloj/2.jpg
Orloj,landmark/Orloj/3.jpg
Jelení skok,landmark/Jelení skok/1.jpg
Jelení skok,landmark/Jelení skok/2.jpg
Jelení skok,landmark/Jelení skok/3.jpg
Císařské lázně - Lázně I.,landmark/Císařské lázně - Lázně I./1.jpg
Císařské lázně - Lázně I.,landmark/Císařské lázně - Lázně I./2.jpg
Císařské lázně - Lázně I.,landmark/Císařské lázně - Lázně I./3.jpg
Černá věž | Black Tower,landmark/Černá věž | Black Tower/1.jpg
Černá věž | Black Tower,landmark/Černá věž | Black Tower/2.jpg
Černá věž | Black Tower,landmark/Černá věž | Black Tower/3.jpg
윌리엄스타운,landmark/윌리엄스타운/1.jpg
쿡 선장의 집,landmark/쿡 선장의 집/1.jpg
리젠트 극장,landmark/리젠트 극장/1.jpg
센테니얼 파크,landmark/센테니얼 파크/1.jpg
더 락스 디스커버리 박물관,landmark/더 락스 디스커버리 박물관/1.jpg
왕립 전시관,landmark/왕립 전시관/1.jpg
플래그스태프 정원,landmark/플래그스태프 정원/1.jpg
시드니 페리,landmark/시드니 페리/1.jpg
하버 브리지 등반,landmark/하버 브리지 등반/1.jpg
코르소 스트리트,landmark/코르소 스트리트/1.jpg
사법 경찰 박물관,landmark/사법 경찰 박물관/1.jpg
Soho,landmark/Soho/1.jpg
Soho,landmark/Soho/2.jpg
Soho,landmark/Soho/3.jpg
Спортна София,landmark/Спортна София/1.jpg
Спортна София,landmark/Спортна София/2.jpg
Спортна София,landmark/Спортна София/3.jpg
Fame,landmark/Fame/1.jpg
Fame,landmark/Fame/2.jpg
Fame,landmark/Fame/3.jpg
Once Upon a Time Biblioteka,landmark/Once Upon a Time Biblioteka/1.jpg
Once Upon a Time Biblioteka,landmark/Once Upon a Time Biblioteka/2.jpg
Once Upon a Time Biblioteka,landmark/Once Upon a Time Biblioteka/3.jpg
Modera Coffee,landmark/Modera Coffee/1.jpg
Modera Coffee,landmark/Modera Coffee/2.jpg
Modera Coffee,landmark/Modera Coffee/3.jpg
PlayHouse,landmark/PlayHouse/1.jpg
PlayHouse,landmark/PlayHouse/2.jpg
PlayHouse,landmark/PlayHouse/3.jpg
Стадион Раковски (Rakovski Stadium),landmark/Стадион Раковски (Rakovski Stadium)/1.jpg
Стадион Раковски (Rakovski Stadium),landmark/Стадион Раковски (Rakovski Stadium)/2.jpg
Стадион Раковски (Rakovski Stadium),landmark/Стадион Раковски (Rakovski Stadium)/3.jpg
Umbrella,landmark/Umbrella/1.jpg
Umbrella,landmark/Umbrella/2.jpg
Umbrella,landmark/Umbrella/3.jpg
О!Шипка (O!Shipka),landmark/О!Шипка (O!Shipka)/1.jpg
О!Шипка (O!Shipka),landmark/О!Шипка (O!Shipka)/2.jpg
О!Шипка (O!Shipka),landmark/О!Шипка (O!Shipka)/3.jpg
STREETBAR & CO.,landmark/STREETBAR & CO./1.jpg
STREETBAR & CO.,landmark/STREETBAR & CO./2.jpg
STREETBAR & CO.,landmark/STREETBAR & CO./3.jpg
"Зала ""Универсиада"" (Universiada Hall)","landmark/Зала ""Универсиада"" (Universiada Hall)/2.jpg"
"Зала ""Универсиада"" (Universiada Hall)","landmark/Зала ""Универсиада"" (Universiada Hall)/3.jpg"
Tony's bar,landmark/Tony's bar/1.jpg
Tony's bar,landmark/Tony's bar/2.jpg
Mingles Pub and Pool Bar,landmark/Mingles Pub and Pool Bar/1.jpg
Mingles Pub and Pool Bar,landmark/Mingles Pub and Pool Bar/2.jpg
Mingles Pub and Pool Bar,landmark/Mingles Pub and Pool Bar/3.jpg
Element 86,landmark/Element 86/1.jpg
Club Impulse,landmark/Club Impulse/1.jpg
Limelight,landmark/Limelight/1.jpg
Limelight,landmark/Limelight/2.jpg
Limelight,landmark/Limelight/3.jpg
Funky Munky Bistro & Bar,landmark/Funky Munky Bistro & Bar/1.jpg
Funky Munky Bistro & Bar,landmark/Funky Munky Bistro & Bar/2.jpg
Funky Munky Bistro & Bar,landmark/Funky Munky Bistro & Bar/3.jpg
Studio 38,landmark/Studio 38/1.jpg
Studio 38,landmark/Studio 38/2.jpg
Studio 38,landmark/Studio 38/3.jpg
Chasers Cafe,landmark/Chasers Cafe/1.jpg
Chasers Cafe,landmark/Chasers Cafe/2.jpg
Chasers Cafe,landmark/Chasers Cafe/3.jpg
The Pub at Devon House,landmark/The Pub at Devon House/1.jpg
The Cove Jerk Pit and Bar,landmark/The Cove Jerk Pit and Bar/1.jpg
The Cove Jerk Pit and Bar,landmark/The Cove Jerk Pit and Bar/2.jpg
The Cove Jerk Pit and Bar,landmark/The Cove Jerk Pit and Bar/3.jpg
Empire Plaza,landmark/Empire Plaza/1.jpg
MEO Arena,landmark/MEO Arena/1.jpg
MEO Arena,landmark/MEO Arena/2.jpg
MEO Arena,landmark/MEO Arena/3.jpg
Imax Colombo,landmark/Imax Colombo/1.jpg
Imax Colombo,landmark/Imax Colombo/2.jpg
Imax Colombo,landmark/Imax Colombo/3.jpg
Casino Lisboa,landmark/Casino Lisboa/1.jpg
Casino Lisboa,landmark/Casino Lisboa/2.jpg
Casino Lisboa,landmark/Casino Lisboa/3.jpg
Largo do Carmo,landmark/Largo do Carmo/1.jpg
Largo do Carmo,landmark/Largo do Carmo/2.jpg
Largo do Carmo,landmark/Largo do Carmo/3.jpg
Largo do Chiado,landmark/Largo do Chiado/1.jpg
Largo do Chiado,landmark/Largo do Chiado/2.jpg
Largo do Chiado,landmark/Largo do Chiado/3.jpg
Sol e Pesca,landmark/Sol e Pesca/1.jpg
Sol e Pesca,landmark/Sol e Pesca/2.jpg
Sol e Pesca,landmark/Sol e Pesca/3.jpg
Os Amigos da Severa,landmark/Os Amigos da Severa/1.jpg
Os Amigos da Severa,landmark/Os Amigos da Severa/2.jpg
Os Amigos da Severa,landmark/Os Amigos da Severa/3.jpg
Erasmus Corner,landmark/Erasmus Corner/1.jpg
Erasmus Corner,landmark/Erasmus Corner/2.jpg
Erasmus Corner,landmark/Erasmus Corner/3.jpg
Zona VIP - K Urban Beach,landmark/Zona VIP - K Urban Beach/2.jpg
Zona VIP - K Urban Beach,landmark/Zona VIP - K Urban Beach/3.jpg
Portugália - Balcão,landmark/Portugália - Balcão/1.jpg
Portugália - Balcão,landmark/Portugália - Balcão/2.jpg
Portugália - Balcão,landmark/Portugália - Balcão/3.jpg
Lisboa Story Centre,landmark/Lisboa Story Centre/1.jpg
Lisboa Story Centre,landmark/Lisboa Story Centre/2.jpg
Lisboa Story Centre,landmark/Lisboa Story Centre/3.jpg
The Player Hall of Fame Club,landmark/The Player Hall of Fame Club/1.jpg
The Player Hall of Fame Club,landmark/The Player Hall of Fame Club/2.jpg
The Player Hall of Fame Club,landmark/The Player Hall of Fame Club/3.jpg
VIP Lounge,landmark/VIP Lounge/1.jpg
VIP Lounge,landmark/VIP Lounge/2.jpg
VIP Lounge,landmark/VIP Lounge/3.jpg
One Club,landmark/One Club/1.jpg
One Club,landmark/One Club/2.jpg
One Club,landmark/One Club/3.jpg
Club Eden,landmark/Club Eden/1.jpg
Club Eden,landmark/Club Eden/2.jpg
Club Eden,landmark/Club Eden/3.jpg
Subsol Bar,landmark/Subsol Bar/1.jpg
Subsol Bar,landmark/Subsol Bar/2.jpg
Subsol Bar,landmark/Subsol Bar/3.jpg
Crazy Cafe & Lounge,landmark/Crazy Cafe & Lounge/1.jpg
Crazy Cafe & Lounge,landmark/Crazy Cafe & Lounge/2.jpg
Crazy Cafe & Lounge,landmark/Crazy Cafe & Lounge/3.jpg
Nenea Iancu,landmark/Nenea Iancu/1.jpg
Nenea Iancu,landmark/Nenea Iancu/2.jpg
Nenea Iancu,landmark/Nenea Iancu/3.jpg
La Muse,landmark/La Muse/1.jpg
La Muse,landmark/La Muse/2.jpg
La Muse,landmark/La Muse/3.jpg
MOJO,landmark/MOJO/1.jpg
MOJO,landmark/MOJO/2.jpg
MOJO,landmark/MOJO/3.jpg
Papiota,landmark/Papiota/1.jpg
Papiota,landmark/Papiota/2.jpg
Papiota,landmark/Papiota/3.jpg
Trafalgar,landmark/Trafalgar/1.jpg
Trafalgar,landmark/Trafalgar/2.jpg
Trafalgar,landmark/Trafalgar/3.jpg
FireFly,landmark/FireFly/1.jpg
Secret Lake,landmark/Secret Lake/1.jpg
Secret Lake,landmark/Secret Lake/2.jpg
Secret Lake,landmark/Secret Lake/3.jpg
Starling Farm Kampot Pepper,landmark/Starling Farm Kampot Pepper/1.jpg
Starling Farm Kampot Pepper,landmark/Starling Farm Kampot Pepper/2.jpg
Starling Farm Kampot Pepper,landmark/Starling Farm Kampot Pepper/3.jpg
Stunning View,landmark/Stunning View/1.jpg
Stunning View,landmark/Stunning View/2.jpg
Stunning View,landmark/Stunning View/3.jpg
Bokor Mountain Resort Kids Club,landmark/Bokor Mountain Resort Kids Club/1.jpg
Bokor Mountain Resort Kids Club,landmark/Bokor Mountain Resort Kids Club/2.jpg
Bokor Mountain Resort Kids Club,landmark/Bokor Mountain Resort Kids Club/3.jpg
Elite Golf Club,landmark/Elite Golf Club/1.jpg
Elite Golf Club,landmark/Elite Golf Club/2.jpg
Elite Golf Club,landmark/Elite Golf Club/3.jpg
Cambodia Country Club (CCC),landmark/Cambodia Country Club (CCC)/1.jpg
The Led Zephyr,landmark/The Led Zephyr/1.jpg
The Led Zephyr,landmark/The Led Zephyr/2.jpg
The Led Zephyr,landmark/The Led Zephyr/3.jpg
Ocheuteal Beach-Otres Beach,landmark/Ocheuteal Beach-Otres Beach/1.jpg
Ocheuteal Beach-Otres Beach,landmark/Ocheuteal Beach-Otres Beach/2.jpg
Ocheuteal Beach-Otres Beach,landmark/Ocheuteal Beach-Otres Beach/3.jpg
Maybe Later,landmark/Maybe Later/1.jpg
Maybe Later,landmark/Maybe Later/2.jpg
Maybe Later,landmark/Maybe Later/3.jpg
Monkey Republic,landmark/Monkey Republic/1.jpg
Monkey Republic,landmark/Monkey Republic/2.jpg
Monkey Republic,landmark/Monkey Republic/3.jpg
Tivoli Pub,landmark/Tivoli Pub/1.jpg
Tivoli Pub,landmark/Tivoli Pub/2.jpg
Tivoli Pub,landmark/Tivoli Pub/3.jpg
Acapulco Bar,landmark/Acapulco Bar/1.jpg
Acapulco Bar,landmark/Acapulco Bar/2.jpg
Acapulco Bar,landmark/Acapulco Bar/3.jpg
Kavarna Tromostovje,landmark/Kavarna Tromostovje/1.jpg
Kavarna Tromostovje,landmark/Kavarna Tromostovje/2.jpg
Hiša športa,landmark/Hiša športa/1.jpg
Hiša športa,landmark/Hiša športa/2.jpg
Hiša športa,landmark/Hiša športa/3.jpg
Kolosej Ljubljana,landmark/Kolosej Ljubljana/1.jpg
Kolosej Ljubljana,landmark/Kolosej Ljubljana/2.jpg
Kolosej Ljubljana,landmark/Kolosej Ljubljana/3.jpg
LP,landmark/LP/1.jpg
LP,landmark/LP/2.jpg
LP,landmark/LP/3.jpg
Spirit Bar & restaurant,landmark/Spirit Bar & restaurant/1.jpg
Spirit Bar & restaurant,landmark/Spirit Bar & restaurant/3.jpg
Thai Inn Pub,landmark/Thai Inn Pub/3.jpg
Kratochwill,landmark/Kratochwill/1.jpg
Kratochwill,landmark/Kratochwill/2.jpg
Kratochwill,landmark/Kratochwill/3.jpg
Nik's Bar,landmark/Nik's Bar/2.jpg
Chive Caffe,landmark/Chive Caffe/1.jpg
Chive Caffe,landmark/Chive Caffe/2.jpg
Archaeological Museum Sarnath,landmark/Archaeological Museum Sarnath/1.jpg
Archaeological Museum Sarnath,landmark/Archaeological Museum Sarnath/2.jpg
Archaeological Museum Sarnath,landmark/Archaeological Museum Sarnath/3.jpg
The Prinsep Bar,landmark/The Prinsep Bar/1.jpg
Sarkari Bhang Ki Dukan,landmark/Sarkari Bhang Ki Dukan/1.jpg
Harischandra Ghat,landmark/Harischandra Ghat/1.jpg
Harischandra Ghat,landmark/Harischandra Ghat/2.jpg
Harischandra Ghat,landmark/Harischandra Ghat/3.jpg
Suryauday Haveli Shivala Ghat,landmark/Suryauday Haveli Shivala Ghat/1.jpg
Suryauday Haveli Shivala Ghat,landmark/Suryauday Haveli Shivala Ghat/2.jpg
Suryauday Haveli Shivala Ghat,landmark/Suryauday Haveli Shivala Ghat/3.jpg
Mysore Palace,landmark/Mysore Palace/1.jpg
Mysore Palace,landmark/Mysore Palace/2.jpg
DRC Cinemas Screen 4,landmark/DRC Cinemas Screen 4/1.jpg
DRC Cinemas Screen 4,landmark/DRC Cinemas Screen 4/2.jpg
Rajkamal Theater,landmark/Rajkamal Theater/1.jpg
첸나이 국제공항,landmark/첸나이 국제공항/1.jpg
첸나이 국제공항,landmark/첸나이 국제공항/2.jpg
Sawai Mansingh Stadium Jaipur,landmark/Sawai Mansingh Stadium Jaipur/1.jpg
Sawai Mansingh Stadium Jaipur,landmark/Sawai Mansingh Stadium Jaipur/2.jpg
Sawai Mansingh Stadium Jaipur,landmark/Sawai Mansingh Stadium Jaipur/3.jpg
Replay Lounge,landmark/Replay Lounge/1.jpg
Replay Lounge,landmark/Replay Lounge/2.jpg
Replay Lounge,landmark/Replay Lounge/3.jpg
Marex,landmark/Marex/1.jpg
Marex,landmark/Marex/2.jpg
Marex,landmark/Marex/3.jpg
Caffe Galerija Đina,landmark/Caffe Galerija Đina/1.jpg
Caffe Galerija Đina,landmark/Caffe Galerija Đina/2.jpg
Caffe Galerija Đina,landmark/Caffe Galerija Đina/3.jpg
Dišpet,landmark/Dišpet/1.jpg
Dišpet,landmark/Dišpet/2.jpg
Dišpet,landmark/Dišpet/3.jpg
Shine Bar,landmark/Shine Bar/1.jpg
Shine Bar,landmark/Shine Bar/2.jpg
Mulini beach,landmark/Mulini beach/1.jpg
Mulini beach,landmark/Mulini beach/2.jpg
Mulini beach,landmark/Mulini beach/3.jpg
City marine,landmark/City marine/1.jpg
City marine,landmark/City marine/2.jpg
City marine,landmark/City marine/3.jpg
Rovinj Harbor,landmark/Rovinj Harbor/1.jpg
Rovinj Harbor,landmark/Rovinj Harbor/2.jpg
Rovinj Harbor,landmark/Rovinj Harbor/3.jpg
Brodarica beach,landmark/Brodarica beach/1.jpg
Brodarica beach,landmark/Brodarica beach/2.jpg
Brodarica beach,landmark/Brodarica beach/3.jpg
Sunturist Caffe,landmark/Sunturist Caffe/1.jpg
Sunturist Caffe,landmark/Sunturist Caffe/2.jpg
Sunturist Caffe,landmark/Sunturist Caffe/3.jpg
Kino Valli,landmark/Kino Valli/1.jpg
Kino Valli,landmark/Kino Valli/2.jpg
Kino Valli,landmark/Kino Valli/3.jpg
Mala Vala,landmark/Mala Vala/1.jpg
Mala Vala,landmark/Mala Vala/2.jpg
Mala Vala,landmark/Mala Vala/3.jpg
青岛奥林匹克帆船中心 Qingdao Olympic Sailing Center,landmark/青岛奥林匹克帆船中心 Qingdao Olympic Sailing Center/1.jpg
青岛奥林匹克帆船中心 Qingdao Olympic Sailing Center,landmark/青岛奥林匹克帆船中心 Qingdao Olympic Sailing Center/2.jpg
青岛奥林匹克帆船中心 Qingdao Olympic Sailing Center,landmark/青岛奥林匹克帆船中心 Qingdao Olympic Sailing Center/3.jpg
공묘와 국자감,landmark/공묘와 국자감/1.jpg
아리아,landmark/아리아/1.jpg
아구아 스패니쉬 레스토랑,landmark/아구아 스패니쉬 레스토랑/1.jpg
서광게 기념관,landmark/서광게 기념관/1.jpg
서광게 기념관,landmark/서광게 기념관/2.jpg
서광게 기념관,landmark/서광게 기념관/3.jpg
뮤즈,landmark/뮤즈/1.jpg
뮤즈,landmark/뮤즈/2.jpg
위인탕,landmark/위인탕/1.jpg
오도구,landmark/오도구/1.jpg
국가대극원,landmark/국가대극원/1.jpg
국가대극원,landmark/국가대극원/2.jpg
삼수당,landmark/삼수당/1.jpg
삼수당,landmark/삼수당/2.jpg
보리예술박물관,landmark/보리예술박물관/1.jpg
Middelheimpark,landmark/Middelheimpark/1.jpg
Middelheimpark,landmark/Middelheimpark/2.jpg
Middelheimpark,landmark/Middelheimpark/3.jpg
De Scheldekaaien,landmark/De Scheldekaaien/1.jpg
De Scheldekaaien,landmark/De Scheldekaaien/2.jpg
De Scheldekaaien,landmark/De Scheldekaaien/3.jpg
Meir,landmark/Meir/1.jpg
Meir,landmark/Meir/2.jpg
Meir,landmark/Meir/3.jpg
Site Oud Sint-Jan,landmark/Site Oud Sint-Jan/1.jpg
Site Oud Sint-Jan,landmark/Site Oud Sint-Jan/2.jpg
Site Oud Sint-Jan,landmark/Site Oud Sint-Jan/3.jpg
Zuidpark | Koning Albertpark,landmark/Zuidpark | Koning Albertpark/1.jpg
Zuidpark | Koning Albertpark,landmark/Zuidpark | Koning Albertpark/2.jpg
Zuidpark | Koning Albertpark,landmark/Zuidpark | Koning Albertpark/3.jpg
Sint-Baafsplein,landmark/Sint-Baafsplein/1.jpg
Sint-Baafsplein,landmark/Sint-Baafsplein/2.jpg
Sint-Baafsplein,landmark/Sint-Baafsplein/3.jpg
De Munt,landmark/De Munt/1.jpg
De Munt,landmark/De Munt/2.jpg
De Munt,landmark/De Munt/3.jpg
Comics Cafe,landmark/Comics Cafe/1.jpg
Comics Cafe,landmark/Comics Cafe/2.jpg
Comics Cafe,landmark/Comics Cafe/3.jpg
Place Bockstael,landmark/Place Bockstael/1.jpg
Place Bockstael,landmark/Place Bockstael/2.jpg
Place Bockstael,landmark/Place Bockstael/3.jpg
Hof van Liere,landmark/Hof van Liere/1.jpg
Hof van Liere,landmark/Hof van Liere/2.jpg
Hof van Liere,landmark/Hof van Liere/3.jpg
Suikerrui,landmark/Suikerrui/1.jpg
Suikerrui,landmark/Suikerrui/2.jpg
Suikerrui,landmark/Suikerrui/3.jpg
Altes Tramdepot,landmark/Altes Tramdepot/1.jpg
Altes Tramdepot,landmark/Altes Tramdepot/2.jpg
Altes Tramdepot,landmark/Altes Tramdepot/3.jpg
Bernisches Historisches Museum,landmark/Bernisches Historisches Museum/1.jpg
Bernisches Historisches Museum,landmark/Bernisches Historisches Museum/2.jpg
Bernisches Historisches Museum,landmark/Bernisches Historisches Museum/3.jpg
Einstein-Haus,landmark/Einstein-Haus/1.jpg
Einstein-Haus,landmark/Einstein-Haus/2.jpg
Einstein-Haus,landmark/Einstein-Haus/3.jpg
구 식물원,landmark/구 식물원/1.jpg
구 식물원,landmark/구 식물원/2.jpg
의학 역사 박물관,landmark/의학 역사 박물관/1.jpg
의학 역사 박물관,landmark/의학 역사 박물관/2.jpg
다다 바,landmark/다다 바/1.jpg
스카이다이브 엑스드림,landmark/스카이다이브 엑스드림/1.jpg
스카이다이브 엑스드림,landmark/스카이다이브 엑스드림/2.jpg
스카이다이브 엑스드림,landmark/스카이다이브 엑스드림/3.jpg
비아 페라타,landmark/비아 페라타/1.jpg
비아 페라타,landmark/비아 페라타/2.jpg
올드 패션 바,landmark/올드 패션 바/1.jpg
Kornmarkt,landmark/Kornmarkt/1.jpg
Kornmarkt,landmark/Kornmarkt/2.jpg
Kornmarkt,landmark/Kornmarkt/3.jpg
Tinguely-Brunnen,landmark/Tinguely-Brunnen/1.jpg
Tinguely-Brunnen,landmark/Tinguely-Brunnen/2.jpg
주명미술관,landmark/주명미술관/1.jpg
주명미술관,landmark/주명미술관/2.jpg
주명미술관,landmark/주명미술관/3.jpg
토은 전시관,landmark/토은 전시관/1.jpg
토은 전시관,landmark/토은 전시관/2.jpg
토은 전시관,landmark/토은 전시관/3.jpg
국가도서관,landmark/국가도서관/1.jpg
국가도서관,landmark/국가도서관/2.jpg
국가도서관,landmark/국가도서관/3.jpg
베이터우 문물관,landmark/베이터우 문물관/1.jpg
베이터우 문물관,landmark/베이터우 문물관/2.jpg
블리스,landmark/블리스/1.jpg
블리스,landmark/블리스/2.jpg
푸롱 해변,landmark/푸롱 해변/1.jpg
푸롱 해변,landmark/푸롱 해변/2.jpg
일중가상권,landmark/일중가상권/1.jpg
일중가상권,landmark/일중가상권/2.jpg
동해대학,landmark/동해대학/1.jpg
동해대학,landmark/동해대학/2.jpg
동해대학,landmark/동해대학/3.jpg
순익타이완원주민박물관,landmark/순익타이완원주민박물관/1.jpg
순익타이완원주민박물관,landmark/순익타이완원주민박물관/2.jpg
순익타이완원주민박물관,landmark/순익타이완원주민박물관/3.jpg
곽원익고병박물관,landmark/곽원익고병박물관/1.jpg
곽원익고병박물관,landmark/곽원익고병박물관/2.jpg
곽원익고병박물관,landmark/곽원익고병박물관/3.jpg
흑송세계박물관,landmark/흑송세계박물관/1.jpg
흑송세계박물관,landmark/흑송세계박물관/2.jpg
흑송세계박물관,landmark/흑송세계박물관/3.jpg
인스부르크 공항,landmark/인스부르크 공항/1.jpg
카지노 빈,landmark/카지노 빈/1.jpg
프란치스카너키르헤,landmark/프란치스카너키르헤/1.jpg
프란치스카너키르헤,landmark/프란치스카너키르헤/2.jpg
마담 투소 빈,landmark/마담 투소 빈/1.jpg
마담 투소 빈,landmark/마담 투소 빈/2.jpg
머피 아이리쉬 펍,landmark/머피 아이리쉬 펍/1.jpg
머피 아이리쉬 펍,landmark/머피 아이리쉬 펍/2.jpg
하우스 데어 나투어,landmark/하우스 데어 나투어/1.jpg
하우스 데어 나투어,landmark/하우스 데어 나투어/2.jpg
디 바이세,landmark/디 바이세/1.jpg
디 바이세,landmark/디 바이세/2.jpg
티롤리언 이브닝,landmark/티롤리언 이브닝/1.jpg
왕궁,landmark/왕궁/1.jpg
왕궁,landmark/왕궁/2.jpg
왕궁,landmark/왕궁/3.jpg
슈투바이 빙하,landmark/슈투바이 빙하/1.jpg
슈투바이 빙하,landmark/슈투바이 빙하/2.jpg
슈투바이 빙하,landmark/슈투바이 빙하/3.jpg
노이어 마르크트,landmark/노이어 마르크트/1.jpg
티비다보 성당,landmark/티비다보 성당/1.jpg
티비다보 성당,landmark/티비다보 성당/2.jpg
파티가스 델 께레르,landmark/파티가스 델 께레르/1.jpg
파티가스 델 께레르,landmark/파티가스 델 께레르/2.jpg
나바스 거리,landmark/나바스 거리/1.jpg
나바스 거리,landmark/나바스 거리/2.jpg
Cava Baja,landmark/Cava Baja/1.jpg
Cava Baja,landmark/Cava Baja/2.jpg
카사 데 캄포,landmark/카사 데 캄포/1.jpg
카사 데 캄포,landmark/카사 데 캄포/2.jpg
까사 깔베뜨,landmark/까사 깔베뜨/1.jpg
까사 깔베뜨,landmark/까사 깔베뜨/2.jpg
바르셀로나 산츠역,landmark/바르셀로나 산츠역/1.jpg
승리의 광장,landmark/승리의 광장/1.jpg
승리의 광장,landmark/승리의 광장/2.jpg
베르나베우 스타디움,landmark/베르나베우 스타디움/1.jpg
베르나베우 스타디움,landmark/베르나베우 스타디움/2.jpg
데보드 신전,landmark/데보드 신전/1.jpg
데보드 신전,landmark/데보드 신전/2.jpg
마리아 루이사 공원,landmark/마리아 루이사 공원/1.jpg
마리아 루이사 공원,landmark/마리아 루이사 공원/2.jpg
Howth Harbour Playground,landmark/Howth Harbour Playground/1.jpg
Howth Harbour Playground,landmark/Howth Harbour Playground/2.jpg
Howth Harbour Playground,landmark/Howth Harbour Playground/3.jpg
Irish Whiskey Museum,landmark/Irish Whiskey Museum/1.jpg
Irish Whiskey Museum,landmark/Irish Whiskey Museum/2.jpg
Irish Whiskey Museum,landmark/Irish Whiskey Museum/3.jpg
O'Connell's,landmark/O'Connell's/1.jpg
O'Connell's,landmark/O'Connell's/2.jpg
O'Connell's,landmark/O'Connell's/3.jpg
The Famine Memorial,landmark/The Famine Memorial/1.jpg
The Famine Memorial,landmark/The Famine Memorial/2.jpg
The Famine Memorial,landmark/The Famine Memorial/3.jpg
The Duke,landmark/The Duke/1.jpg
The Duke,landmark/The Duke/2.jpg
The Duke,landmark/The Duke/3.jpg
The Waterside,landmark/The Waterside/1.jpg
The Waterside,landmark/The Waterside/2.jpg
The Waterside,landmark/The Waterside/3.jpg
Ye Old Abbey Tavern,landmark/Ye Old Abbey Tavern/1.jpg
Ye Old Abbey Tavern,landmark/Ye Old Abbey Tavern/2.jpg
Ye Old Abbey Tavern,landmark/Ye Old Abbey Tavern/3.jpg
Grand Canal Wharf,landmark/Grand Canal Wharf/1.jpg
Grand Canal Wharf,landmark/Grand Canal Wharf/2.jpg
Grand Canal Wharf,landmark/Grand Canal Wharf/3.jpg
Mulligan's,landmark/Mulligan's/1.jpg
Mulligan's,landmark/Mulligan's/2.jpg
Mulligan's,landmark/Mulligan's/3.jpg
The Cobblestone,landmark/The Cobblestone/1.jpg
The Cobblestone,landmark/The Cobblestone/2.jpg
The Cobblestone,landmark/The Cobblestone/3.jpg
Bowe's Lounge,landmark/Bowe's Lounge/1.jpg
Bowe's Lounge,landmark/Bowe's Lounge/2.jpg
Bowe's Lounge,landmark/Bowe's Lounge/3.jpg
ΜΠΕΛ ΡΕΫ,landmark/ΜΠΕΛ ΡΕΫ/1.jpg
ΜΠΕΛ ΡΕΫ,landmark/ΜΠΕΛ ΡΕΫ/2.jpg
ΜΠΕΛ ΡΕΫ,landmark/ΜΠΕΛ ΡΕΫ/3.jpg
Oinoscent,landmark/Oinoscent/1.jpg
Oinoscent,landmark/Oinoscent/2.jpg
Oinoscent,landmark/Oinoscent/3.jpg
Galaxy Restaurant & Bar,landmark/Galaxy Restaurant & Bar/1.jpg
Galaxy Restaurant & Bar,landmark/Galaxy Restaurant & Bar/2.jpg
Galaxy Restaurant & Bar,landmark/Galaxy Restaurant & Bar/3.jpg
Noel,landmark/Noel/1.jpg
Noel,landmark/Noel/2.jpg
Noel,landmark/Noel/3.jpg
Ζάχαρη & Αλάτι,landmark/Ζάχαρη & Αλάτι/1.jpg
Ζάχαρη & Αλάτι,landmark/Ζάχαρη & Αλάτι/2.jpg
Ζάχαρη & Αλάτι,landmark/Ζάχαρη & Αλάτι/3.jpg
Pure Juice Bar,landmark/Pure Juice Bar/1.jpg
Pure Juice Bar,landmark/Pure Juice Bar/2.jpg
Pure Juice Bar,landmark/Pure Juice Bar/3.jpg
Drunk Sinatra,landmark/Drunk Sinatra/1.jpg
Drunk Sinatra,landmark/Drunk Sinatra/2.jpg
Drunk Sinatra,landmark/Drunk Sinatra/3.jpg
Baja Brewing Company,landmark/Baja Brewing Company/1.jpg
Baja Brewing Company,landmark/Baja Brewing Company/2.jpg
Baja Brewing Company,landmark/Baja Brewing Company/3.jpg
Playa El Médano,landmark/Playa El Médano/1.jpg
Playa El Médano,landmark/Playa El Médano/2.jpg
Playa El Médano,landmark/Playa El Médano/3.jpg
El Squid Roe,landmark/El Squid Roe/1.jpg
El Squid Roe,landmark/El Squid Roe/2.jpg
El Squid Roe,landmark/El Squid Roe/3.jpg
Esquina Bar,landmark/Esquina Bar/1.jpg
Esquina Bar,landmark/Esquina Bar/2.jpg
Esquina Bar,landmark/Esquina Bar/3.jpg
Hacienda,landmark/Hacienda/1.jpg
Hacienda,landmark/Hacienda/2.jpg
Hacienda,landmark/Hacienda/3.jpg
Puerto Paraíso,landmark/Puerto Paraíso/1.jpg
Puerto Paraíso,landmark/Puerto Paraíso/2.jpg
Puerto Paraíso,landmark/Puerto Paraíso/3.jpg
Nikki Beach,landmark/Nikki Beach/1.jpg
Nikki Beach,landmark/Nikki Beach/2.jpg
Nikki Beach,landmark/Nikki Beach/3.jpg
Lovers Beach,landmark/Lovers Beach/1.jpg
Lovers Beach,landmark/Lovers Beach/2.jpg
Lovers Beach,landmark/Lovers Beach/3.jpg
"Mango Deck Restaurant, Bar & Beach Club","landmark/Mango Deck Restaurant, Bar & Beach Club/1.jpg"
"Mango Deck Restaurant, Bar & Beach Club","landmark/Mango Deck Restaurant, Bar & Beach Club/2.jpg"
"Mango Deck Restaurant, Bar & Beach Club","landmark/Mango Deck Restaurant, Bar & Beach Club/3.jpg"
Smoothie Bar Cabo,landmark/Smoothie Bar Cabo/1.jpg
Smoothie Bar Cabo,landmark/Smoothie Bar Cabo/2.jpg
Smoothie Bar Cabo,landmark/Smoothie Bar Cabo/3.jpg
Mandala,landmark/Mandala/1.jpg
Mandala,landmark/Mandala/2.jpg
Mandala,landmark/Mandala/3.jpg
젠다르멘 광장,landmark/젠다르멘 광장/1.jpg
올림피아 공원,landmark/올림피아 공원/1.jpg
올림피아 공원,landmark/올림피아 공원/2.jpg
프랑크푸르트 역사박물관,landmark/프랑크푸르트 역사박물관/1.jpg
프랑크푸르트 역사박물관,landmark/프랑크푸르트 역사박물관/2.jpg
카이저 빌헬름 기념교회,landmark/카이저 빌헬름 기념교회/1.jpg
카이저 빌헬름 기념교회,landmark/카이저 빌헬름 기념교회/2.jpg
소니 센터,landmark/소니 센터/1.jpg
소니 센터,landmark/소니 센터/2.jpg
포츠다머 플라츠,landmark/포츠다머 플라츠/1.jpg
포츠다머 플라츠,landmark/포츠다머 플라츠/2.jpg
Dresdner Zwinger,landmark/Dresdner Zwinger/1.jpg
Dresdner Zwinger,landmark/Dresdner Zwinger/2.jpg
Dresdner Zwinger,landmark/Dresdner Zwinger/3.jpg
아잠 교회,landmark/아잠 교회/1.jpg
아잠 교회,landmark/아잠 교회/2.jpg
아우구스티너켈러,landmark/아우구스티너켈러/1.jpg
아우구스티너켈러,landmark/아우구스티너켈러/2.jpg
Residenzschloss,landmark/Residenzschloss/2.jpg
Residenzschloss,landmark/Residenzschloss/3.jpg
붉은 시청사,landmark/붉은 시청사/1.jpg
붉은 시청사,landmark/붉은 시청사/2.jpg
32.05,landmark/32.05/1.jpg
32.05,landmark/32.05/2.jpg
32.05,landmark/32.05/3.jpg
Государственный Кремлёвский дворец,landmark/Государственный Кремлёвский дворец/1.jpg
Государственный Кремлёвский дворец,landmark/Государственный Кремлёвский дворец/2.jpg
Государственный Кремлёвский дворец,landmark/Государственный Кремлёвский дворец/3.jpg
Манежная площадь,landmark/Манежная площадь/1.jpg
Манежная площадь,landmark/Манежная площадь/2.jpg
Манежная площадь,landmark/Манежная площадь/3.jpg
Дума,landmark/Дума/1.jpg
Дума,landmark/Дума/2.jpg
Дума,landmark/Дума/3.jpg
Измайловский кремль,landmark/Измайловский кремль/1.jpg
Измайловский кремль,landmark/Измайловский кремль/2.jpg
Измайловский кремль,landmark/Измайловский кремль/3.jpg
Мавзолей В. И. Ленина,landmark/Мавзолей В. И. Ленина/1.jpg
Мавзолей В. И. Ленина,landmark/Мавзолей В. И. Ленина/2.jpg
Мавзолей В. И. Ленина,landmark/Мавзолей В. И. Ленина/3.jpg
Триумфальная площадь,landmark/Триумфальная площадь/1.jpg
Триумфальная площадь,landmark/Триумфальная площадь/2.jpg
Триумфальная площадь,landmark/Триумфальная площадь/3.jpg
Площадь у м. Третьяковская,landmark/Площадь у м. Третьяковская/1.jpg
Площадь у м. Третьяковская,landmark/Площадь у м. Третьяковская/2.jpg
Площадь у м. Третьяковская,landmark/Площадь у м. Третьяковская/3.jpg
Лубянская площадь,landmark/Лубянская площадь/1.jpg
Лубянская площадь,landmark/Лубянская площадь/2.jpg
Лубянская площадь,landmark/Лубянская площадь/3.jpg
Площадь Революции,landmark/Площадь Революции/1.jpg
Площадь Революции,landmark/Площадь Революции/2.jpg
Площадь Революции,landmark/Площадь Революции/3.jpg
Тверская площадь,landmark/Тверская площадь/1.jpg
Тверская площадь,landmark/Тверская площадь/2.jpg
Тверская площадь,landmark/Тверская площадь/3.jpg
Carmen,landmark/Carmen/1.jpg
Carmen,landmark/Carmen/2.jpg
Carmen,landmark/Carmen/3.jpg
Nybroplan,landmark/Nybroplan/1.jpg
Nybroplan,landmark/Nybroplan/2.jpg
Nybroplan,landmark/Nybroplan/3.jpg
Kungsholmstorg,landmark/Kungsholmstorg/1.jpg
Kungsholmstorg,landmark/Kungsholmstorg/2.jpg
Kungsholmstorg,landmark/Kungsholmstorg/3.jpg
Norrmalmstorg,landmark/Norrmalmstorg/1.jpg
Norrmalmstorg,landmark/Norrmalmstorg/2.jpg
Norrmalmstorg,landmark/Norrmalmstorg/3.jpg
T.G.I. Friday's,landmark/T.G.I. Friday's/1.jpg
T.G.I. Friday's,landmark/T.G.I. Friday's/2.jpg
T.G.I. Friday's,landmark/T.G.I. Friday's/3.jpg
Lilla Hotellbaren,landmark/Lilla Hotellbaren/1.jpg
Lilla Hotellbaren,landmark/Lilla Hotellbaren/2.jpg
Lilla Hotellbaren,landmark/Lilla Hotellbaren/3.jpg
StureCompagniet,landmark/StureCompagniet/1.jpg
StureCompagniet,landmark/StureCompagniet/2.jpg
StureCompagniet,landmark/StureCompagniet/3.jpg
Snaps Bar & Grill,landmark/Snaps Bar & Grill/1.jpg
Snaps Bar & Grill,landmark/Snaps Bar & Grill/2.jpg
Snaps Bar & Grill,landmark/Snaps Bar & Grill/3.jpg
Filmstaden Söder,landmark/Filmstaden Söder/1.jpg
Filmstaden Söder,landmark/Filmstaden Söder/2.jpg
Filmstaden Söder,landmark/Filmstaden Söder/3.jpg
Elefantpojken,landmark/Elefantpojken/1.jpg
Elefantpojken,landmark/Elefantpojken/2.jpg
Elefantpojken,landmark/Elefantpojken/3.jpg
Erlands kafé,landmark/Erlands kafé/1.jpg
Erlands kafé,landmark/Erlands kafé/2.jpg
Erlands kafé,landmark/Erlands kafé/3.jpg
CONCENTRACION DEPORTIVA DE PICHINCHA,landmark/CONCENTRACION DEPORTIVA DE PICHINCHA/1.jpg
CONCENTRACION DEPORTIVA DE PICHINCHA,landmark/CONCENTRACION DEPORTIVA DE PICHINCHA/2.jpg
CONCENTRACION DEPORTIVA DE PICHINCHA,landmark/CONCENTRACION DEPORTIVA DE PICHINCHA/3.jpg
Redondel José Martí,landmark/Redondel José Martí/1.jpg
Redondel José Martí,landmark/Redondel José Martí/2.jpg
Redondel José Martí,landmark/Redondel José Martí/3.jpg
Parque Las Cuadras,landmark/Parque Las Cuadras/1.jpg
Parque Las Cuadras,landmark/Parque Las Cuadras/2.jpg
Parque Las Cuadras,landmark/Parque Las Cuadras/3.jpg
Parque Inglés,landmark/Parque Inglés/1.jpg
Parque Inglés,landmark/Parque Inglés/2.jpg
Parque Inglés,landmark/Parque Inglés/3.jpg
Pista Atlética Los Chasquis,landmark/Pista Atlética Los Chasquis/1.jpg
Pista Atlética Los Chasquis,landmark/Pista Atlética Los Chasquis/2.jpg
Pista Atlética Los Chasquis,landmark/Pista Atlética Los Chasquis/3.jpg
Plaza de Santo Domingo,landmark/Plaza de Santo Domingo/1.jpg
Plaza de Santo Domingo,landmark/Plaza de Santo Domingo/2.jpg
Plaza de Santo Domingo,landmark/Plaza de Santo Domingo/3.jpg
La Chilenita,landmark/La Chilenita/1.jpg
La Chilenita,landmark/La Chilenita/2.jpg
La Chilenita,landmark/La Chilenita/3.jpg
Canchas sintéticas Olímpico Sur,landmark/Canchas sintéticas Olímpico Sur/1.jpg
Canchas sintéticas Olímpico Sur,landmark/Canchas sintéticas Olímpico Sur/2.jpg
Canchas sintéticas Olímpico Sur,landmark/Canchas sintéticas Olímpico Sur/3.jpg
Jardín Botánico,landmark/Jardín Botánico/1.jpg
Jardín Botánico,landmark/Jardín Botánico/2.jpg
Jardín Botánico,landmark/Jardín Botánico/3.jpg
Parque Santa Ana,landmark/Parque Santa Ana/1.jpg
Parque Santa Ana,landmark/Parque Santa Ana/2.jpg
Parque Santa Ana,landmark/Parque Santa Ana/3.jpg
Parque Chino,landmark/Parque Chino/1.jpg
Parque Chino,landmark/Parque Chino/2.jpg
Parque Chino,landmark/Parque Chino/3.jpg
유니언 스퀘어,landmark/유니언 스퀘어/1.jpg
유니언 스퀘어,landmark/유니언 스퀘어/2.jpg
유니언 스퀘어,landmark/유니언 스퀘어/3.jpg
미국 자연사 박물관,landmark/미국 자연사 박물관/1.jpg
미국 자연사 박물관,landmark/미국 자연사 박물관/2.jpg
피셔맨스 워프,landmark/피셔맨스 워프/1.jpg
피셔맨스 워프,landmark/피셔맨스 워프/2.jpg
피셔맨스 워프,landmark/피셔맨스 워프/3.jpg
탑 오브 더 락,landmark/탑 오브 더 락/1.jpg
탑 오브 더 락,landmark/탑 오브 더 락/2.jpg
유니온 스퀘어,landmark/유니온 스퀘어/1.jpg
유니온 스퀘어,landmark/유니온 스퀘어/2.jpg
롬바드 스트리트,landmark/롬바드 스트리트/1.jpg
롬바드 스트리트,landmark/롬바드 스트리트/2.jpg
롬바드 스트리트,landmark/롬바드 스트리트/3.jpg
세인트 패트릭 대성당,landmark/세인트 패트릭 대성당/1.jpg
세인트 패트릭 대성당,landmark/세인트 패트릭 대성당/2.jpg
브로드웨이 극장,landmark/브로드웨이 극장/1.jpg
하이 라인,landmark/하이 라인/1.jpg
하이 라인,landmark/하이 라인/2.jpg
더 레이크(센트럴 파크),landmark/더 레이크(센트럴 파크)/1.jpg
더 레이크(센트럴 파크),landmark/더 레이크(센트럴 파크)/2.jpg
브루클린 다리 공원,landmark/브루클린 다리 공원/1.jpg
브루클린 다리 공원,landmark/브루클린 다리 공원/2.jpg
뷰지스 홍콩,landmark/뷰지스 홍콩/1.jpg
홍콩 우주 박물관,landmark/홍콩 우주 박물관/1.jpg
홍콩 우주 박물관,landmark/홍콩 우주 박물관/2.jpg
홍콩 우주 박물관,landmark/홍콩 우주 박물관/3.jpg
트라피스트 수도원,landmark/트라피스트 수도원/1.jpg
트라피스트 수도원,landmark/트라피스트 수도원/2.jpg
레벨스,landmark/레벨스/1.jpg
스턴톤즈 바 앤드 까페,landmark/스턴톤즈 바 앤드 까페/1.jpg
펄 온더 피크,landmark/펄 온더 피크/1.jpg
펄 온더 피크,landmark/펄 온더 피크/2.jpg
톤노 클럽,landmark/톤노 클럽/1.jpg
노부 인터콘티넨탈,landmark/노부 인터콘티넨탈/1.jpg
노부 인터콘티넨탈,landmark/노부 인터콘티넨탈/2.jpg
홍콩 헤리티지 디스커버리 센터,landmark/홍콩 헤리티지 디스커버리 센터/1.jpg
홍콩 헤리티지 디스커버리 센터,landmark/홍콩 헤리티지 디스커버리 센터/2.jpg
홍콩 헤리티지 디스커버리 센터,landmark/홍콩 헤리티지 디스커버리 센터/3.jpg
킹 루드비히 비어 홀,landmark/킹 루드비히 비어 홀/1.jpg
펠릭스,landmark/펠릭스/1.jpg
Plazoleta Espinar,landmark/Plazoleta Espinar/1.jpg
Plazoleta Espinar,landmark/Plazoleta Espinar/2.jpg
Plazoleta Espinar,landmark/Plazoleta Espinar/3.jpg
Plaza de Armas San Sebastián,landmark/Plaza de Armas San Sebastián/1.jpg
Plaza de Armas San Sebastián,landmark/Plaza de Armas San Sebastián/2.jpg
Plaza de Armas San Sebastián,landmark/Plaza de Armas San Sebastián/3.jpg
Plaza Limacpampa Grande,landmark/Plaza Limacpampa Grande/1.jpg
Plaza Limacpampa Grande,landmark/Plaza Limacpampa Grande/2.jpg
Plaza Limacpampa Grande,landmark/Plaza Limacpampa Grande/3.jpg
Plazoleta Santa Teresa,landmark/Plazoleta Santa Teresa/1.jpg
Plazoleta Santa Teresa,landmark/Plazoleta Santa Teresa/2.jpg
Plazoleta Santa Teresa,landmark/Plazoleta Santa Teresa/3.jpg
Museo Inka,landmark/Museo Inka/1.jpg
Museo Inka,landmark/Museo Inka/2.jpg
Museo Inka,landmark/Museo Inka/3.jpg
Centro Cultural Inca Garcilaso,landmark/Centro Cultural Inca Garcilaso/1.jpg
Centro Cultural Inca Garcilaso,landmark/Centro Cultural Inca Garcilaso/2.jpg
Centro Cultural Inca Garcilaso,landmark/Centro Cultural Inca Garcilaso/3.jpg
Palacio del Inca,landmark/Palacio del Inca/1.jpg
Palacio del Inca,landmark/Palacio del Inca/2.jpg
Palacio del Inca,landmark/Palacio del Inca/3.jpg
Conservatorio Nacional de Música - Sede Histórica,landmark/Conservatorio Nacional de Música - Sede Histórica/1.jpg
Conservatorio Nacional de Música - Sede Histórica,landmark/Conservatorio Nacional de Música - Sede Histórica/2.jpg
Asociación de Artistas Aficionados,landmark/Asociación de Artistas Aficionados/1.jpg
Asociación de Artistas Aficionados,landmark/Asociación de Artistas Aficionados/2.jpg
Asociación de Artistas Aficionados,landmark/Asociación de Artistas Aficionados/3.jpg
Casa de la Gastronomía Peruana,landmark/Casa de la Gastronomía Peruana/1.jpg
Casa de la Gastronomía Peruana,landmark/Casa de la Gastronomía Peruana/2.jpg
Casa de la Gastronomía Peruana,landmark/Casa de la Gastronomía Peruana/3.jpg
Base Club,landmark/Base Club/1.jpg
Base Club,landmark/Base Club/2.jpg
Base Club,landmark/Base Club/3.jpg
디 스파,landmark/디 스파/1.jpg
산토 토마스 대학,landmark/산토 토마스 대학/1.jpg
아움 스파,landmark/아움 스파/1.jpg
인썸니아,landmark/인썸니아/1.jpg
오푸스,landmark/오푸스/1.jpg
마티니,landmark/마티니/1.jpg
메다 스파,landmark/메다 스파/1.jpg
메다 스파,landmark/메다 스파/2.jpg
삭바얀 피크,landmark/삭바얀 피크/1.jpg
투어리스트 센터,landmark/투어리스트 센터/1.jpg
솔스티스 선 라운지,landmark/솔스티스 선 라운지/1.jpg
바클레욘 박물관,landmark/바클레욘 박물관/1.jpg
바클레욘 박물관,landmark/바클레욘 박물관/2.jpg
덴포잔 대관람차,landmark/덴포잔 대관람차/1.jpg
덴포잔 대관람차,landmark/덴포잔 대관람차/2.jpg
긴카쿠지(은각사),landmark/긴카쿠지(은각사)/1.jpg
긴카쿠지(은각사),landmark/긴카쿠지(은각사)/2.jpg
긴카쿠지(은각사),landmark/긴카쿠지(은각사)/3.jpg
캐널시티 하카타,landmark/캐널시티 하카타/1.jpg
캐널시티 하카타,landmark/캐널시티 하카타/2.jpg
난바 파크스,landmark/난바 파크스/1.jpg
난바 파크스,landmark/난바 파크스/2.jpg
난바 파크스,landmark/난바 파크스/3.jpg
니넨자카,landmark/니넨자카/1.jpg
니넨자카,landmark/니넨자카/2.jpg
니넨자카,landmark/니넨자카/3.jpg
킨카쿠지(금각사),landmark/킨카쿠지(금각사)/1.jpg
킨카쿠지(금각사),landmark/킨카쿠지(금각사)/2.jpg
킨카쿠지(금각사),landmark/킨카쿠지(금각사)/3.jpg
후쿠오카 타워,landmark/후쿠오카 타워/1.jpg
후쿠오카 타워,landmark/후쿠오카 타워/2.jpg
호젠지요코초,landmark/호젠지요코초/1.jpg
호젠지요코초,landmark/호젠지요코초/2.jpg
호젠지요코초,landmark/호젠지요코초/3.jpg
시사이드 모모치 해변공원,landmark/시사이드 모모치 해변공원/1.jpg
시사이드 모모치 해변공원,landmark/시사이드 모모치 해변공원/2.jpg
시사이드 모모치 해변공원,landmark/시사이드 모모치 해변공원/3.jpg
후시미 이나리 신사,landmark/후시미 이나리 신사/1.jpg
후시미 이나리 신사,landmark/후시미 이나리 신사/2.jpg
후시미 이나리 신사,landmark/후시미 이나리 신사/3.jpg
태국 민속촌,landmark/태국 민속촌/1.jpg
뱀부바,landmark/뱀부바/1.jpg
뱀부바,landmark/뱀부바/2.jpg
위앙 꿈깜,landmark/위앙 꿈깜/1.jpg
위앙 꿈깜,landmark/위앙 꿈깜/2.jpg
위앙 꿈깜,landmark/위앙 꿈깜/3.jpg
싼깜팽 온천,landmark/싼깜팽 온천/1.jpg
싼깜팽 온천,landmark/싼깜팽 온천/2.jpg
싼깜팽 온천,landmark/싼깜팽 온천/3.jpg
빠뚜타패,landmark/빠뚜타패/1.jpg
왓 쑤언독,landmark/왓 쑤언독/1.jpg
왓 쑤언독,landmark/왓 쑤언독/2.jpg
왓 쑤언독,landmark/왓 쑤언독/3.jpg
브라운 슈가(실롬 점),landmark/브라운 슈가(실롬 점)/1.jpg
브라운 슈가(실롬 점),landmark/브라운 슈가(실롬 점)/2.jpg
브라운 슈가(실롬 점),landmark/브라운 슈가(실롬 점)/3.jpg
치앙마이 국제공항,landmark/치앙마이 국제공항/1.jpg
파후랏,landmark/파후랏/1.jpg
파후랏,landmark/파후랏/2.jpg
파후랏,landmark/파후랏/3.jpg
전승 기념탑,landmark/전승 기념탑/1.jpg
전승 기념탑,landmark/전승 기념탑/2.jpg
실크 바 & 레스토랑,landmark/실크 바 & 레스토랑/1.jpg
Apollo Live Club,landmark/Apollo Live Club/1.jpg
Apollo Live Club,landmark/Apollo Live Club/2.jpg
Apollo Live Club,landmark/Apollo Live Club/3.jpg
LeBonk,landmark/LeBonk/1.jpg
LeBonk,landmark/LeBonk/2.jpg
LeBonk,landmark/LeBonk/3.jpg
Amarillo,landmark/Amarillo/1.jpg
Amarillo,landmark/Amarillo/2.jpg
Amarillo,landmark/Amarillo/3.jpg
Sivuraide,landmark/Sivuraide/1.jpg
Sivuraide,landmark/Sivuraide/2.jpg
The Circus,landmark/The Circus/1.jpg
The Circus,landmark/The Circus/2.jpg
The Circus,landmark/The Circus/3.jpg
Maxine,landmark/Maxine/1.jpg
Maxine,landmark/Maxine/2.jpg
Maxine,landmark/Maxine/3.jpg
Kortteliravintola Lungi,landmark/Kortteliravintola Lungi/1.jpg
Kortteliravintola Lungi,landmark/Kortteliravintola Lungi/2.jpg
Kortteliravintola Lungi,landmark/Kortteliravintola Lungi/3.jpg
Linko,landmark/Linko/1.jpg
Linko,landmark/Linko/2.jpg
Linko,landmark/Linko/3.jpg
Sushibar + Wine,landmark/Sushibar + Wine/1.jpg
Sushibar + Wine,landmark/Sushibar + Wine/2.jpg
Sushibar + Wine,landmark/Sushibar + Wine/3.jpg
Sea Horse,landmark/Sea Horse/1.jpg
Sea Horse,landmark/Sea Horse/2.jpg
Sea Horse,landmark/Sea Horse/3.jpg
Pintxoteria Los Cojones,landmark/Pintxoteria Los Cojones/1.jpg
Pintxoteria Los Cojones,landmark/Pintxoteria Los Cojones/2.jpg
Pintxoteria Los Cojones,landmark/Pintxoteria Los Cojones/3.jpg
Onda Restaurant,landmark/Onda Restaurant/1.jpg
Onda Restaurant,landmark/Onda Restaurant/2.jpg
Tøyenbadet,landmark/Tøyenbadet/1.jpg
Eger Spiseri & Vinbar,landmark/Eger Spiseri & Vinbar/1.jpg
Eger Spiseri & Vinbar,landmark/Eger Spiseri & Vinbar/2.jpg
Homan Bistro & Bar,landmark/Homan Bistro & Bar/1.jpg
Homan Bistro & Bar,landmark/Homan Bistro & Bar/2.jpg
Homan Bistro & Bar,landmark/Homan Bistro & Bar/3.jpg
Kunstnernes Hus,landmark/Kunstnernes Hus/1.jpg
Kunstnernes Hus,landmark/Kunstnernes Hus/2.jpg
Kunstnernes Hus,landmark/Kunstnernes Hus/3.jpg
Aye Aye Club,landmark/Aye Aye Club/1.jpg
Aye Aye Club,landmark/Aye Aye Club/2.jpg
Aye Aye Club,landmark/Aye Aye Club/3.jpg
Alexander Kiellands Plass,landmark/Alexander Kiellands Plass/1.jpg
Alexander Kiellands Plass,landmark/Alexander Kiellands Plass/2.jpg
Alexander Kiellands Plass,landmark/Alexander Kiellands Plass/3.jpg
Museet for Samtidskunst,landmark/Museet for Samtidskunst/1.jpg
Museet for Samtidskunst,landmark/Museet for Samtidskunst/2.jpg
Museet for Samtidskunst,landmark/Museet for Samtidskunst/3.jpg
Paradisbukta,landmark/Paradisbukta/1.jpg
Paradisbukta,landmark/Paradisbukta/2.jpg
Paradisbukta,landmark/Paradisbukta/3.jpg
Jernbanetorget,landmark/Jernbanetorget/1.jpg
Jernbanetorget,landmark/Jernbanetorget/2.jpg
Jernbanetorget,landmark/Jernbanetorget/3.jpg
Bislet Bad,landmark/Bislet Bad/1.jpg
성 세르기우스와 바쿠스 교회,landmark/성 세르기우스와 바쿠스 교회/1.jpg
성 세르기우스와 바쿠스 교회,landmark/성 세르기우스와 바쿠스 교회/2.jpg
Saray Koleksiyonlari Museum,landmark/Saray Koleksiyonlari Museum/1.jpg
비행기 박물관,landmark/비행기 박물관/1.jpg
비행기 박물관,landmark/비행기 박물관/2.jpg
미니아투르크,landmark/미니아투르크/1.jpg
미니아투르크,landmark/미니아투르크/2.jpg
베이레르베이 궁전,landmark/베이레르베이 궁전/1.jpg
군사 박물관,landmark/군사 박물관/1.jpg
군사 박물관,landmark/군사 박물관/2.jpg
파노라마 1453,landmark/파노라마 1453/1.jpg
파노라마 1453,landmark/파노라마 1453/2.jpg
나디스 재즈클럽,landmark/나디스 재즈클럽/1.jpg
나디스 재즈클럽,landmark/나디스 재즈클럽/2.jpg
Sureyya Opera House,landmark/Sureyya Opera House/1.jpg
Sureyya Opera House,landmark/Sureyya Opera House/2.jpg
제임스 조이스 아이리쉬펍,landmark/제임스 조이스 아이리쉬펍/1.jpg
제임스 조이스 아이리쉬펍,landmark/제임스 조이스 아이리쉬펍/2.jpg
Yavuz Sultan Selim Cami,landmark/Yavuz Sultan Selim Cami/1.jpg
Yavuz Sultan Selim Cami,landmark/Yavuz Sultan Selim Cami/2.jpg
Top One Academia,landmark/Top One Academia/1.jpg
Top One Academia,landmark/Top One Academia/2.jpg
Cucko,landmark/Cucko/1.jpg
Cucko,landmark/Cucko/2.jpg
Cucko,landmark/Cucko/3.jpg
Casa Cor,landmark/Casa Cor/1.jpg
Casa Cor,landmark/Casa Cor/2.jpg
Casa Cor,landmark/Casa Cor/3.jpg
Dado Garden Grill,landmark/Dado Garden Grill/1.jpg
Dado Garden Grill,landmark/Dado Garden Grill/2.jpg
Dado Garden Grill,landmark/Dado Garden Grill/3.jpg
Dublin Irish Pub,landmark/Dublin Irish Pub/1.jpg
Dublin Irish Pub,landmark/Dublin Irish Pub/2.jpg
Dublin Irish Pub,landmark/Dublin Irish Pub/3.jpg
Academia (GNU),landmark/Academia (GNU)/1.jpg
Academia (GNU),landmark/Academia (GNU)/2.jpg
Academia (GNU),landmark/Academia (GNU)/3.jpg
Bio Express,landmark/Bio Express/1.jpg
Bio Express,landmark/Bio Express/2.jpg
Bio Express,landmark/Bio Express/3.jpg
Bio Ativa,landmark/Bio Ativa/1.jpg
Bio Ativa,landmark/Bio Ativa/2.jpg
Bio Ativa,landmark/Bio Ativa/3.jpg
Sua Academia,landmark/Sua Academia/1.jpg
Sua Academia,landmark/Sua Academia/2.jpg
Sua Academia,landmark/Sua Academia/3.jpg
Boteco Pedrini,landmark/Boteco Pedrini/1.jpg
Boteco Pedrini,landmark/Boteco Pedrini/2.jpg
Boteco Pedrini,landmark/Boteco Pedrini/3.jpg
HD Sport Center,landmark/HD Sport Center/1.jpg
HD Sport Center,landmark/HD Sport Center/2.jpg
HD Sport Center,landmark/HD Sport Center/3.jpg
Verkade Pavilion,landmark/Verkade Pavilion/1.jpg
Verkade Pavilion,landmark/Verkade Pavilion/2.jpg
페예노르트 스타디움,landmark/페예노르트 스타디움/1.jpg
페예노르트 스타디움,landmark/페예노르트 스타디움/2.jpg
디지,landmark/디지/1.jpg
디지,landmark/디지/2.jpg
Paddy Murphy's,landmark/Paddy Murphy's/1.jpg
펠그림 파더 교회,landmark/펠그림 파더 교회/1.jpg
펠그림 파더 교회,landmark/펠그림 파더 교회/2.jpg
펠그림 파더 교회,landmark/펠그림 파더 교회/3.jpg
Louwman Museum - Nationaal Automobiel Museum,landmark/Louwman Museum - Nationaal Automobiel Museum/1.jpg
Louwman Museum - Nationaal Automobiel Museum,landmark/Louwman Museum - Nationaal Automobiel Museum/2.jpg
Louwman Museum - Nationaal Automobiel Museum,landmark/Louwman Museum - Nationaal Automobiel Museum/3.jpg
Haagse Bos,landmark/Haagse Bos/1.jpg
Haagse Bos,landmark/Haagse Bos/2.jpg
Haagse Bos,landmark/Haagse Bos/3.jpg
Buitenhof,landmark/Buitenhof/1.jpg
Buitenhof,landmark/Buitenhof/2.jpg
Buitenhof,landmark/Buitenhof/3.jpg
Strandslag 12,landmark/Strandslag 12/1.jpg
Strandslag 12,landmark/Strandslag 12/2.jpg
Strandslag 12,landmark/Strandslag 12/3.jpg
Grote Markt,landmark/Grote Markt/1.jpg
Grote Markt,landmark/Grote Markt/2.jpg
Grote Markt,landmark/Grote Markt/3.jpg
De Golfslag Beachclub,landmark/De Golfslag Beachclub/1.jpg
De Golfslag Beachclub,landmark/De Golfslag Beachclub/2.jpg
De Golfslag Beachclub,landmark/De Golfslag Beachclub/3.jpg
Niagara Falls (American Side),landmark/Niagara Falls (American Side)/1.jpg
Niagara Falls (American Side),landmark/Niagara Falls (American Side)/2.jpg
Niagara Falls (American Side),landmark/Niagara Falls (American Side)/3.jpg
Musée des beaux-arts de Montréal (MBAM),landmark/Musée des beaux-arts de Montréal (MBAM)/1.jpg
Musée des beaux-arts de Montréal (MBAM),landmark/Musée des beaux-arts de Montréal (MBAM)/2.jpg
Musée des beaux-arts de Montréal (MBAM),landmark/Musée des beaux-arts de Montréal (MBAM)/3.jpg
Miniature World,landmark/Miniature World/1.jpg
Miniature World,landmark/Miniature World/2.jpg
Miniature World,landmark/Miniature World/3.jpg
The 3 Brewers,landmark/The 3 Brewers/1.jpg
The 3 Brewers,landmark/The 3 Brewers/2.jpg
The 3 Brewers,landmark/The 3 Brewers/3.jpg
Terrapin Point,landmark/Terrapin Point/1.jpg
Terrapin Point,landmark/Terrapin Point/2.jpg
Terrapin Point,landmark/Terrapin Point/3.jpg
Kitsilano Public Pool,landmark/Kitsilano Public Pool/1.jpg
Kitsilano Public Pool,landmark/Kitsilano Public Pool/2.jpg
Kitsilano Public Pool,landmark/Kitsilano Public Pool/3.jpg
Lost Lagoon,landmark/Lost Lagoon/1.jpg
Lost Lagoon,landmark/Lost Lagoon/2.jpg
Lost Lagoon,landmark/Lost Lagoon/3.jpg
Parc Jarry,landmark/Parc Jarry/1.jpg
Parc Jarry,landmark/Parc Jarry/2.jpg
Parc Jarry,landmark/Parc Jarry/3.jpg
Observation Deck,landmark/Observation Deck/1.jpg
Observation Deck,landmark/Observation Deck/2.jpg
Observation Deck,landmark/Observation Deck/3.jpg
Whirlpool Rapids,landmark/Whirlpool Rapids/1.jpg
Whirlpool Rapids,landmark/Whirlpool Rapids/2.jpg
Whirlpool Rapids,landmark/Whirlpool Rapids/3.jpg
Edible Canada at the Market,landmark/Edible Canada at the Market/1.jpg
Edible Canada at the Market,landmark/Edible Canada at the Market/2.jpg
Edible Canada at the Market,landmark/Edible Canada at the Market/3.jpg
Boston,landmark/Boston/1.jpg
Boston,landmark/Boston/2.jpg
Boston,landmark/Boston/3.jpg
Ljósanótt,landmark/Ljósanótt/1.jpg
Ljósanótt,landmark/Ljósanótt/2.jpg
Ljósanótt,landmark/Ljósanótt/3.jpg
Ölsmiðjan,landmark/Ölsmiðjan/1.jpg
Ölsmiðjan,landmark/Ölsmiðjan/2.jpg
Ölsmiðjan,landmark/Ölsmiðjan/3.jpg
Bar 101,landmark/Bar 101/1.jpg
Bar 101,landmark/Bar 101/2.jpg
Bar 101,landmark/Bar 101/3.jpg
Flugstöð Leifs Eiríkssonar,landmark/Flugstöð Leifs Eiríkssonar/1.jpg
Flugstöð Leifs Eiríkssonar,landmark/Flugstöð Leifs Eiríkssonar/2.jpg
Flugstöð Leifs Eiríkssonar,landmark/Flugstöð Leifs Eiríkssonar/3.jpg
Icelandic museum of rock'n'roll,landmark/Icelandic museum of rock'n'roll/1.jpg
Icelandic museum of rock'n'roll,landmark/Icelandic museum of rock'n'roll/2.jpg
Icelandic museum of rock'n'roll,landmark/Icelandic museum of rock'n'roll/3.jpg
Sæmundur í Sparifötunum,landmark/Sæmundur í Sparifötunum/1.jpg
Sæmundur í Sparifötunum,landmark/Sæmundur í Sparifötunum/2.jpg
Sæmundur í Sparifötunum,landmark/Sæmundur í Sparifötunum/3.jpg
Hið Íslenzka Reðasafn,landmark/Hið Íslenzka Reðasafn/1.jpg
Hið Íslenzka Reðasafn,landmark/Hið Íslenzka Reðasafn/2.jpg
Hið Íslenzka Reðasafn,landmark/Hið Íslenzka Reðasafn/3.jpg
Nora Magasin,landmark/Nora Magasin/1.jpg
Nora Magasin,landmark/Nora Magasin/2.jpg
Nora Magasin,landmark/Nora Magasin/3.jpg
Stapi,landmark/Stapi/1.jpg
Stapi,landmark/Stapi/2.jpg
Stapi,landmark/Stapi/3.jpg
Grand Bahama Sports Complex,landmark/Grand Bahama Sports Complex/1.jpg
Grand Bahama Sports Complex,landmark/Grand Bahama Sports Complex/2.jpg
Grand Bahama Sports Complex,landmark/Grand Bahama Sports Complex/3.jpg
Margarita Villa Sand Bar,landmark/Margarita Villa Sand Bar/1.jpg
Margarita Villa Sand Bar,landmark/Margarita Villa Sand Bar/2.jpg
Margarita Villa Sand Bar,landmark/Margarita Villa Sand Bar/3.jpg
Lucaya Beach,landmark/Lucaya Beach/1.jpg
Lucaya Beach,landmark/Lucaya Beach/2.jpg
Lucaya Beach,landmark/Lucaya Beach/3.jpg
Garden of the Groves,landmark/Garden of the Groves/1.jpg
Garden of the Groves,landmark/Garden of the Groves/2.jpg
Garden of the Groves,landmark/Garden of the Groves/3.jpg
Beach,landmark/Beach/1.jpg
Beach,landmark/Beach/2.jpg
Beach,landmark/Beach/3.jpg
Viva Theater,landmark/Viva Theater/1.jpg
Viva Theater,landmark/Viva Theater/2.jpg
Viva Theater,landmark/Viva Theater/3.jpg
Goombay Bar,landmark/Goombay Bar/1.jpg
Goombay Bar,landmark/Goombay Bar/2.jpg
Goombay Bar,landmark/Goombay Bar/3.jpg
Viva Fortuna Bar,landmark/Viva Fortuna Bar/1.jpg
Viva Fortuna Bar,landmark/Viva Fortuna Bar/2.jpg
Viva Fortuna Bar,landmark/Viva Fortuna Bar/3.jpg
Sire's,landmark/Sire's/1.jpg
Sire's,landmark/Sire's/2.jpg
Sire's,landmark/Sire's/3.jpg
Chibah Cafe Coffeehouse and Wine Bar,landmark/Chibah Cafe Coffeehouse and Wine Bar/1.jpg
Chibah Cafe Coffeehouse and Wine Bar,landmark/Chibah Cafe Coffeehouse and Wine Bar/2.jpg
Chibah Cafe Coffeehouse and Wine Bar,landmark/Chibah Cafe Coffeehouse and Wine Bar/3.jpg
Regency Theatre,landmark/Regency Theatre/1.jpg
Regency Theatre,landmark/Regency Theatre/2.jpg
Museo del Oro del Banco de la República,landmark/Museo del Oro del Banco de la República/1.jpg
Museo del Oro del Banco de la República,landmark/Museo del Oro del Banco de la República/2.jpg
Museo del Oro del Banco de la República,landmark/Museo del Oro del Banco de la República/3.jpg
Casa E,landmark/Casa E/1.jpg
Casa E,landmark/Casa E/2.jpg
Casa E,landmark/Casa E/3.jpg
Park Way,landmark/Park Way/1.jpg
Park Way,landmark/Park Way/2.jpg
Park Way,landmark/Park Way/3.jpg
Parque Metropolitano Simón Bolívar,landmark/Parque Metropolitano Simón Bolívar/1.jpg
Parque Metropolitano Simón Bolívar,landmark/Parque Metropolitano Simón Bolívar/2.jpg
Parque Metropolitano Simón Bolívar,landmark/Parque Metropolitano Simón Bolívar/3.jpg
IMAX Procinal,landmark/IMAX Procinal/1.jpg
IMAX Procinal,landmark/IMAX Procinal/2.jpg
IMAX Procinal,landmark/IMAX Procinal/3.jpg
Bogotá Beer Company,landmark/Bogotá Beer Company/1.jpg
Bogotá Beer Company,landmark/Bogotá Beer Company/2.jpg
Bogotá Beer Company,landmark/Bogotá Beer Company/3.jpg
Bogota Beer Company,landmark/Bogota Beer Company/1.jpg
Bogota Beer Company,landmark/Bogota Beer Company/2.jpg
Bogota Beer Company,landmark/Bogota Beer Company/3.jpg
Bistronomy,landmark/Bistronomy/1.jpg
Bistronomy,landmark/Bistronomy/2.jpg
Bistronomy,landmark/Bistronomy/3.jpg
Teatro Mayor Julio Mario Santo Domingo,landmark/Teatro Mayor Julio Mario Santo Domingo/1.jpg
Teatro Mayor Julio Mario Santo Domingo,landmark/Teatro Mayor Julio Mario Santo Domingo/2.jpg
Teatro Mayor Julio Mario Santo Domingo,landmark/Teatro Mayor Julio Mario Santo Domingo/3.jpg
la vieja bodega,landmark/la vieja bodega/1.jpg
Mandarina Bar,landmark/Mandarina Bar/1.jpg
Mandarina Bar,landmark/Mandarina Bar/2.jpg
Mandarina Bar,landmark/Mandarina Bar/3.jpg
Monticulo,landmark/Monticulo/1.jpg
Monticulo,landmark/Monticulo/2.jpg
Monticulo,landmark/Monticulo/3.jpg
o'finnigan's irish,landmark/o'finnigan's irish/1.jpg
Terra,landmark/Terra/1.jpg
Terra,landmark/Terra/2.jpg
Terra,landmark/Terra/3.jpg
Bibliocafe Concert,landmark/Bibliocafe Concert/1.jpg
Bibliocafe Concert,landmark/Bibliocafe Concert/2.jpg
Bibliocafe Concert,landmark/Bibliocafe Concert/3.jpg
Brazilian Coffee,landmark/Brazilian Coffee/1.jpg
Brazilian Coffee,landmark/Brazilian Coffee/2.jpg
Brazilian Coffee,landmark/Brazilian Coffee/3.jpg
Florin,landmark/Florin/1.jpg
Florin,landmark/Florin/2.jpg
Cafe Oasis de Dali,landmark/Cafe Oasis de Dali/1.jpg
Cafe Oasis de Dali,landmark/Cafe Oasis de Dali/2.jpg
Cafe Oasis de Dali,landmark/Cafe Oasis de Dali/3.jpg
Korova,landmark/Korova/1.jpg
